
C:/Users/nanas/Hunter-Adams-RP2040-Demos/Audio/a_Timer_Interrupt_DDS_Demo/build/Audio_Timer_Interrupt_DDS.elf:     file format elf32-littlearm

Sections:
Idx Name          Size      VMA       LMA       File off  Algn
  0 .boot2        00000100  10000000  10000000  00001000  2**0
                  CONTENTS, ALLOC, LOAD, READONLY, CODE
  1 .text         00002d20  10000100  10000100  00001100  2**3
                  CONTENTS, ALLOC, LOAD, READONLY, CODE
  2 .rodata       00000160  10002e20  10002e20  00003e20  2**2
                  CONTENTS, ALLOC, LOAD, READONLY, DATA
  3 .binary_info  0000002c  10002f80  10002f80  00003f80  2**2
                  CONTENTS, ALLOC, LOAD, READONLY, DATA
  4 .xip_ram      00000000  15000000  15000000  000042f0  2**0
                  CONTENTS
  5 .ram_vector_table 000000c0  20000000  20000000  00005000  2**2
                  ALLOC
  6 .uninitialized_data 0000000c  200000c0  200000c0  00005000  2**2
                  ALLOC
  7 .data         00000220  200000d0  10002fac  000040d0  2**4
                  CONTENTS, ALLOC, LOAD, READONLY, CODE
  8 .tdata        00000000  200002f0  200002f0  000042f0  2**0
                  CONTENTS, ALLOC, LOAD, DATA, THREAD_LOCAL
  9 .tbss         00000000  200002f0  200002f0  00000000  2**0
                  ALLOC, THREAD_LOCAL
 10 .tbss_space   00000000  200002f0  200002f0  000042f0  2**0
                  CONTENTS
 11 .bss          000007e8  200002f0  100031cc  000042f0  2**3
                  ALLOC
 12 .tls0         00000000  20000ad8  20000ad8  000042f0  2**0
                  CONTENTS
 13 .tls1         00000000  20000ad8  20000ad8  000042f0  2**0
                  CONTENTS
 14 .persistent_data 00000000  20000ad8  20000ad8  000042f0  2**0
                  CONTENTS
 15 .dummy_pre_heap 00000000  20000ad8  20000ad8  000042f0  2**0
                  CONTENTS
 16 .heap         00000800  20000ad8  20000ad8  00005000  2**2
                  ALLOC, READONLY
 17 .scratch_x    00000000  20040000  20040000  000042f0  2**0
                  CONTENTS
 18 .scratch_y    00000000  20041000  20041000  000042f0  2**0
                  CONTENTS
 19 .stack_dummy  00000800  20041000  20041000  00005000  2**5
                  ALLOC, READONLY
 20 .debug_info   00022768  00000000  00000000  000042f0  2**0
                  CONTENTS, READONLY, DEBUGGING, OCTETS
 21 .debug_abbrev 00005c9c  00000000  00000000  00026a58  2**0
                  CONTENTS, READONLY, DEBUGGING, OCTETS
 22 .debug_loclists 00015a54  00000000  00000000  0002c6f4  2**0
                  CONTENTS, READONLY, DEBUGGING, OCTETS
 23 .debug_aranges 00001138  00000000  00000000  00042148  2**3
                  CONTENTS, READONLY, DEBUGGING, OCTETS
 24 .debug_rnglists 0000369b  00000000  00000000  00043280  2**0
                  CONTENTS, READONLY, DEBUGGING, OCTETS
 25 .debug_line   0001bc37  00000000  00000000  0004691b  2**0
                  CONTENTS, READONLY, DEBUGGING, OCTETS
 26 .debug_str    000055b6  00000000  00000000  00062552  2**0
                  CONTENTS, READONLY, DEBUGGING, OCTETS
 27 .comment      00000045  00000000  00000000  00067b08  2**0
                  CONTENTS, READONLY
 28 .ARM.attributes 0000002a  00000000  00000000  00067b4d  2**0
                  CONTENTS, READONLY
 29 .debug_frame  0000216c  00000000  00000000  00067b78  2**2
                  CONTENTS, READONLY, DEBUGGING, OCTETS
 30 .debug_line_str 00000385  00000000  00000000  00069ce4  2**0
                  CONTENTS, READONLY, DEBUGGING, OCTETS

C:/Users/nanas/Hunter-Adams-RP2040-Demos/Audio/a_Timer_Interrupt_DDS_Demo/build/Audio_Timer_Interrupt_DDS.elf:     file format elf32-littlearm


Disassembly of section .boot2:

10000000 <__boot2_start__>:
10000000:	4b32b500 	.word	0x4b32b500
10000004:	60582021 	.word	0x60582021
10000008:	21026898 	.word	0x21026898
1000000c:	60984388 	.word	0x60984388
10000010:	611860d8 	.word	0x611860d8
10000014:	4b2e6158 	.word	0x4b2e6158
10000018:	60992100 	.word	0x60992100
1000001c:	61592102 	.word	0x61592102
10000020:	22f02101 	.word	0x22f02101
10000024:	492b5099 	.word	0x492b5099
10000028:	21016019 	.word	0x21016019
1000002c:	20356099 	.word	0x20356099
10000030:	f844f000 	.word	0xf844f000
10000034:	42902202 	.word	0x42902202
10000038:	2106d014 	.word	0x2106d014
1000003c:	f0006619 	.word	0xf0006619
10000040:	6e19f834 	.word	0x6e19f834
10000044:	66192101 	.word	0x66192101
10000048:	66182000 	.word	0x66182000
1000004c:	f000661a 	.word	0xf000661a
10000050:	6e19f82c 	.word	0x6e19f82c
10000054:	6e196e19 	.word	0x6e196e19
10000058:	f0002005 	.word	0xf0002005
1000005c:	2101f82f 	.word	0x2101f82f
10000060:	d1f94208 	.word	0xd1f94208
10000064:	60992100 	.word	0x60992100
10000068:	6019491b 	.word	0x6019491b
1000006c:	60592100 	.word	0x60592100
10000070:	481b491a 	.word	0x481b491a
10000074:	21016001 	.word	0x21016001
10000078:	21eb6099 	.word	0x21eb6099
1000007c:	21a06619 	.word	0x21a06619
10000080:	f0006619 	.word	0xf0006619
10000084:	2100f812 	.word	0x2100f812
10000088:	49166099 	.word	0x49166099
1000008c:	60014814 	.word	0x60014814
10000090:	60992101 	.word	0x60992101
10000094:	2800bc01 	.word	0x2800bc01
10000098:	4700d000 	.word	0x4700d000
1000009c:	49134812 	.word	0x49134812
100000a0:	c8036008 	.word	0xc8036008
100000a4:	8808f380 	.word	0x8808f380
100000a8:	b5034708 	.word	0xb5034708
100000ac:	20046a99 	.word	0x20046a99
100000b0:	d0fb4201 	.word	0xd0fb4201
100000b4:	42012001 	.word	0x42012001
100000b8:	bd03d1f8 	.word	0xbd03d1f8
100000bc:	6618b502 	.word	0x6618b502
100000c0:	f7ff6618 	.word	0xf7ff6618
100000c4:	6e18fff2 	.word	0x6e18fff2
100000c8:	bd026e18 	.word	0xbd026e18
100000cc:	40020000 	.word	0x40020000
100000d0:	18000000 	.word	0x18000000
100000d4:	00070000 	.word	0x00070000
100000d8:	005f0300 	.word	0x005f0300
100000dc:	00002221 	.word	0x00002221
100000e0:	180000f4 	.word	0x180000f4
100000e4:	a0002022 	.word	0xa0002022
100000e8:	10000100 	.word	0x10000100
100000ec:	e000ed08 	.word	0xe000ed08
	...
100000fc:	7a4eb274 	.word	0x7a4eb274

Disassembly of section .text:

10000100 <__VECTOR_TABLE>:
10000100:	20042000 	.word	0x20042000
10000104:	100001f7 	.word	0x100001f7
10000108:	100001cb 	.word	0x100001cb
1000010c:	100001cd 	.word	0x100001cd
10000110:	100001c9 	.word	0x100001c9
10000114:	100001c9 	.word	0x100001c9
10000118:	100001c9 	.word	0x100001c9
1000011c:	100001c9 	.word	0x100001c9
10000120:	100001c9 	.word	0x100001c9
10000124:	100001c9 	.word	0x100001c9
10000128:	100001c9 	.word	0x100001c9
1000012c:	100001cf 	.word	0x100001cf
10000130:	100001c9 	.word	0x100001c9
10000134:	100001c9 	.word	0x100001c9
10000138:	100001d1 	.word	0x100001d1
1000013c:	100001d3 	.word	0x100001d3
10000140:	100001c1 	.word	0x100001c1
10000144:	100001c1 	.word	0x100001c1
10000148:	100001c1 	.word	0x100001c1
1000014c:	100001c1 	.word	0x100001c1
10000150:	100001c1 	.word	0x100001c1
10000154:	100001c1 	.word	0x100001c1
10000158:	100001c1 	.word	0x100001c1
1000015c:	100001c1 	.word	0x100001c1
10000160:	100001c1 	.word	0x100001c1
10000164:	100001c1 	.word	0x100001c1
10000168:	100001c1 	.word	0x100001c1
1000016c:	100001c1 	.word	0x100001c1
10000170:	100001c1 	.word	0x100001c1
10000174:	100001c1 	.word	0x100001c1
10000178:	100001c1 	.word	0x100001c1
1000017c:	100001c1 	.word	0x100001c1
10000180:	100001c1 	.word	0x100001c1
10000184:	100001c1 	.word	0x100001c1
10000188:	100001c1 	.word	0x100001c1
1000018c:	100001c1 	.word	0x100001c1
10000190:	100001c1 	.word	0x100001c1
10000194:	100001c1 	.word	0x100001c1
10000198:	100001c1 	.word	0x100001c1
1000019c:	100001c1 	.word	0x100001c1
100001a0:	100001c1 	.word	0x100001c1
100001a4:	100001c1 	.word	0x100001c1
100001a8:	100001c1 	.word	0x100001c1
100001ac:	100001c1 	.word	0x100001c1
100001b0:	100001c1 	.word	0x100001c1
100001b4:	100001c1 	.word	0x100001c1
100001b8:	100001c1 	.word	0x100001c1
100001bc:	100001c1 	.word	0x100001c1

100001c0 <__unhandled_user_irq>:
100001c0:	f3ef 8005 	mrs	r0, IPSR
100001c4:	3810      	subs	r0, #16

100001c6 <unhandled_user_irq_num_in_r0>:
100001c6:	be00      	bkpt	0x0000

100001c8 <isr_invalid>:
100001c8:	be00      	bkpt	0x0000

100001ca <isr_nmi>:
100001ca:	be00      	bkpt	0x0000

100001cc <isr_hardfault>:
100001cc:	be00      	bkpt	0x0000

100001ce <isr_svcall>:
100001ce:	be00      	bkpt	0x0000

100001d0 <isr_pendsv>:
100001d0:	be00      	bkpt	0x0000

100001d2 <isr_systick>:
100001d2:	be00      	bkpt	0x0000

100001d4 <__default_isrs_end>:
100001d4:	7188ebf2 	.word	0x7188ebf2
100001d8:	10002f80 	.word	0x10002f80
100001dc:	10002fac 	.word	0x10002fac
100001e0:	10000238 	.word	0x10000238
100001e4:	e71aa390 	.word	0xe71aa390

100001e8 <_entry_point>:
100001e8:	2000      	movs	r0, #0

100001ea <_enter_vtable_in_r0>:
100001ea:	491e      	ldr	r1, [pc, #120]	@ (10000264 <data_cpy_table+0x2c>)
100001ec:	6008      	str	r0, [r1, #0]
100001ee:	c806      	ldmia	r0!, {r1, r2}
100001f0:	f381 8808 	msr	MSP, r1
100001f4:	4710      	bx	r2

100001f6 <_reset_handler>:
100001f6:	481c      	ldr	r0, [pc, #112]	@ (10000268 <data_cpy_table+0x30>)
100001f8:	6800      	ldr	r0, [r0, #0]
100001fa:	2800      	cmp	r0, #0
100001fc:	d001      	beq.n	10000202 <hold_non_core0_in_bootrom+0x4>

100001fe <hold_non_core0_in_bootrom>:
100001fe:	2000      	movs	r0, #0
10000200:	e7f3      	b.n	100001ea <_enter_vtable_in_r0>
10000202:	a40d      	add	r4, pc, #52	@ (adr r4, 10000238 <data_cpy_table>)
10000204:	cc0e      	ldmia	r4!, {r1, r2, r3}
10000206:	2900      	cmp	r1, #0
10000208:	d002      	beq.n	10000210 <hold_non_core0_in_bootrom+0x12>
1000020a:	f000 f812 	bl	10000232 <data_cpy>
1000020e:	e7f9      	b.n	10000204 <hold_non_core0_in_bootrom+0x6>
10000210:	4916      	ldr	r1, [pc, #88]	@ (1000026c <data_cpy_table+0x34>)
10000212:	4a17      	ldr	r2, [pc, #92]	@ (10000270 <data_cpy_table+0x38>)
10000214:	2000      	movs	r0, #0
10000216:	e000      	b.n	1000021a <bss_fill_test>

10000218 <bss_fill_loop>:
10000218:	c101      	stmia	r1!, {r0}

1000021a <bss_fill_test>:
1000021a:	4291      	cmp	r1, r2
1000021c:	d1fc      	bne.n	10000218 <bss_fill_loop>

1000021e <platform_entry>:
1000021e:	4915      	ldr	r1, [pc, #84]	@ (10000274 <data_cpy_table+0x3c>)
10000220:	4788      	blx	r1
10000222:	4915      	ldr	r1, [pc, #84]	@ (10000278 <data_cpy_table+0x40>)
10000224:	4788      	blx	r1
10000226:	4915      	ldr	r1, [pc, #84]	@ (1000027c <data_cpy_table+0x44>)
10000228:	4788      	blx	r1
1000022a:	be00      	bkpt	0x0000
1000022c:	e7fd      	b.n	1000022a <platform_entry+0xc>

1000022e <data_cpy_loop>:
1000022e:	c901      	ldmia	r1!, {r0}
10000230:	c201      	stmia	r2!, {r0}

10000232 <data_cpy>:
10000232:	429a      	cmp	r2, r3
10000234:	d3fb      	bcc.n	1000022e <data_cpy_loop>

10000236 <data_cpy_done>:
10000236:	4770      	bx	lr

10000238 <data_cpy_table>:
10000238:	10002fac 	.word	0x10002fac
1000023c:	200000d0 	.word	0x200000d0
10000240:	200002f0 	.word	0x200002f0
10000244:	100031cc 	.word	0x100031cc
10000248:	20040000 	.word	0x20040000
1000024c:	20040000 	.word	0x20040000
10000250:	100031cc 	.word	0x100031cc
10000254:	20041000 	.word	0x20041000
10000258:	20041000 	.word	0x20041000
1000025c:	00000000 	.word	0x00000000
10000260:	4770      	bx	lr
10000262:	0000      	.short	0x0000
10000264:	e000ed08 	.word	0xe000ed08
10000268:	d0000000 	.word	0xd0000000
1000026c:	200002f0 	.word	0x200002f0
10000270:	20000ad8 	.word	0x20000ad8
10000274:	10002719 	.word	0x10002719
10000278:	100002e9 	.word	0x100002e9
1000027c:	10002711 	.word	0x10002711

10000280 <alarm_irq>:
10000280:	b570      	push	{r4, r5, r6, lr}
10000282:	24d0      	movs	r4, #208	@ 0xd0
10000284:	2504      	movs	r5, #4
10000286:	2201      	movs	r2, #1
10000288:	4b10      	ldr	r3, [pc, #64]	@ (100002cc <alarm_irq+0x4c>)
1000028a:	0624      	lsls	r4, r4, #24
1000028c:	6165      	str	r5, [r4, #20]
1000028e:	601a      	str	r2, [r3, #0]
10000290:	4a0f      	ldr	r2, [pc, #60]	@ (100002d0 <alarm_irq+0x50>)
10000292:	4810      	ldr	r0, [pc, #64]	@ (100002d4 <alarm_irq+0x54>)
10000294:	6a93      	ldr	r3, [r2, #40]	@ 0x28
10000296:	3314      	adds	r3, #20
10000298:	6113      	str	r3, [r2, #16]
1000029a:	4b0f      	ldr	r3, [pc, #60]	@ (100002d8 <alarm_irq+0x58>)
1000029c:	6819      	ldr	r1, [r3, #0]
1000029e:	4b0f      	ldr	r3, [pc, #60]	@ (100002dc <alarm_irq+0x5c>)
100002a0:	681a      	ldr	r2, [r3, #0]
100002a2:	1852      	adds	r2, r2, r1
100002a4:	601a      	str	r2, [r3, #0]
100002a6:	681b      	ldr	r3, [r3, #0]
100002a8:	4a0d      	ldr	r2, [pc, #52]	@ (100002e0 <alarm_irq+0x60>)
100002aa:	0e1b      	lsrs	r3, r3, #24
100002ac:	009b      	lsls	r3, r3, #2
100002ae:	589a      	ldr	r2, [r3, r2]
100002b0:	2380      	movs	r3, #128	@ 0x80
100002b2:	011b      	lsls	r3, r3, #4
100002b4:	18d2      	adds	r2, r2, r3
100002b6:	23c0      	movs	r3, #192	@ 0xc0
100002b8:	490a      	ldr	r1, [pc, #40]	@ (100002e4 <alarm_irq+0x64>)
100002ba:	019b      	lsls	r3, r3, #6
100002bc:	4313      	orrs	r3, r2
100002be:	2201      	movs	r2, #1
100002c0:	800b      	strh	r3, [r1, #0]
100002c2:	f002 fd75 	bl	10002db0 <__spi_write16_blocking_veneer>
100002c6:	61a5      	str	r5, [r4, #24]
100002c8:	bd70      	pop	{r4, r5, r6, pc}
100002ca:	46c0      	nop			@ (mov r8, r8)
100002cc:	40057034 	.word	0x40057034
100002d0:	40054000 	.word	0x40054000
100002d4:	4003c000 	.word	0x4003c000
100002d8:	20000238 	.word	0x20000238
100002dc:	200006b0 	.word	0x200006b0
100002e0:	200006c8 	.word	0x200006c8
100002e4:	20000ad4 	.word	0x20000ad4

100002e8 <main>:
100002e8:	b570      	push	{r4, r5, r6, lr}
100002ea:	4c30      	ldr	r4, [pc, #192]	@ (100003ac <main+0xc4>)
100002ec:	f002 fb0c 	bl	10002908 <stdio_init_all>
100002f0:	482f      	ldr	r0, [pc, #188]	@ (100003b0 <main+0xc8>)
100002f2:	f002 fb59 	bl	100029a8 <__wrap_puts>
100002f6:	0020      	movs	r0, r4
100002f8:	492e      	ldr	r1, [pc, #184]	@ (100003b4 <main+0xcc>)
100002fa:	f002 fc95 	bl	10002c28 <spi_init>
100002fe:	2202      	movs	r2, #2
10000300:	492d      	ldr	r1, [pc, #180]	@ (100003b8 <main+0xd0>)
10000302:	6863      	ldr	r3, [r4, #4]
10000304:	600a      	str	r2, [r1, #0]
10000306:	6821      	ldr	r1, [r4, #0]
10000308:	4013      	ands	r3, r2
1000030a:	320d      	adds	r2, #13
1000030c:	4051      	eors	r1, r2
1000030e:	32c0      	adds	r2, #192	@ 0xc0
10000310:	400a      	ands	r2, r1
10000312:	492a      	ldr	r1, [pc, #168]	@ (100003bc <main+0xd4>)
10000314:	2002      	movs	r0, #2
10000316:	600a      	str	r2, [r1, #0]
10000318:	4a29      	ldr	r2, [pc, #164]	@ (100003c0 <main+0xd8>)
1000031a:	2680      	movs	r6, #128	@ 0x80
1000031c:	6013      	str	r3, [r2, #0]
1000031e:	f000 f879 	bl	10000414 <gpio_init>
10000322:	23d0      	movs	r3, #208	@ 0xd0
10000324:	2204      	movs	r2, #4
10000326:	061b      	lsls	r3, r3, #24
10000328:	625a      	str	r2, [r3, #36]	@ 0x24
1000032a:	2101      	movs	r1, #1
1000032c:	619a      	str	r2, [r3, #24]
1000032e:	2004      	movs	r0, #4
10000330:	f000 f858 	bl	100003e4 <gpio_set_function>
10000334:	2101      	movs	r1, #1
10000336:	2006      	movs	r0, #6
10000338:	f000 f854 	bl	100003e4 <gpio_set_function>
1000033c:	2101      	movs	r1, #1
1000033e:	2007      	movs	r0, #7
10000340:	f000 f850 	bl	100003e4 <gpio_set_function>
10000344:	2101      	movs	r1, #1
10000346:	2005      	movs	r0, #5
10000348:	f000 f84c 	bl	100003e4 <gpio_set_function>
1000034c:	2300      	movs	r3, #0
1000034e:	2401      	movs	r4, #1
10000350:	4d1c      	ldr	r5, [pc, #112]	@ (100003c4 <main+0xdc>)
10000352:	0076      	lsls	r6, r6, #1
10000354:	602b      	str	r3, [r5, #0]
10000356:	0020      	movs	r0, r4
10000358:	f002 f91a 	bl	10002590 <__wrap___aeabi_i2f>
1000035c:	f002 f93a 	bl	100025d4 <__wrap___aeabi_f2d>
10000360:	4a19      	ldr	r2, [pc, #100]	@ (100003c8 <main+0xe0>)
10000362:	4b1a      	ldr	r3, [pc, #104]	@ (100003cc <main+0xe4>)
10000364:	f001 f9d7 	bl	10001716 <__wrap___aeabi_dmul>
10000368:	2200      	movs	r2, #0
1000036a:	4b19      	ldr	r3, [pc, #100]	@ (100003d0 <main+0xe8>)
1000036c:	f001 f9d3 	bl	10001716 <__wrap___aeabi_dmul>
10000370:	f001 fa18 	bl	100017a4 <__wrap_sin>
10000374:	4b17      	ldr	r3, [pc, #92]	@ (100003d4 <main+0xec>)
10000376:	2200      	movs	r2, #0
10000378:	f001 f9cd 	bl	10001716 <__wrap___aeabi_dmul>
1000037c:	f001 f9d8 	bl	10001730 <__wrap___aeabi_d2iz>
10000380:	00a3      	lsls	r3, r4, #2
10000382:	3401      	adds	r4, #1
10000384:	50e8      	str	r0, [r5, r3]
10000386:	42b4      	cmp	r4, r6
10000388:	d1e5      	bne.n	10000356 <main+0x6e>
1000038a:	2201      	movs	r2, #1
1000038c:	4b12      	ldr	r3, [pc, #72]	@ (100003d8 <main+0xf0>)
1000038e:	2000      	movs	r0, #0
10000390:	601a      	str	r2, [r3, #0]
10000392:	4912      	ldr	r1, [pc, #72]	@ (100003dc <main+0xf4>)
10000394:	f000 f8ec 	bl	10000570 <irq_set_exclusive_handler>
10000398:	2101      	movs	r1, #1
1000039a:	2000      	movs	r0, #0
1000039c:	f000 f8d6 	bl	1000054c <irq_set_enabled>
100003a0:	4a0f      	ldr	r2, [pc, #60]	@ (100003e0 <main+0xf8>)
100003a2:	6a93      	ldr	r3, [r2, #40]	@ 0x28
100003a4:	3314      	adds	r3, #20
100003a6:	6113      	str	r3, [r2, #16]
100003a8:	e7fe      	b.n	100003a8 <main+0xc0>
100003aa:	46c0      	nop			@ (mov r8, r8)
100003ac:	4003c000 	.word	0x4003c000
100003b0:	10002e20 	.word	0x10002e20
100003b4:	01312d00 	.word	0x01312d00
100003b8:	4003f004 	.word	0x4003f004
100003bc:	4003d000 	.word	0x4003d000
100003c0:	4003e004 	.word	0x4003e004
100003c4:	200006c8 	.word	0x200006c8
100003c8:	c083126f 	.word	0xc083126f
100003cc:	401921ca 	.word	0x401921ca
100003d0:	3f700000 	.word	0x3f700000
100003d4:	409ffc00 	.word	0x409ffc00
100003d8:	40056038 	.word	0x40056038
100003dc:	10000281 	.word	0x10000281
100003e0:	40054000 	.word	0x40054000

100003e4 <gpio_set_function>:
100003e4:	b510      	push	{r4, lr}
100003e6:	2440      	movs	r4, #64	@ 0x40
100003e8:	4a07      	ldr	r2, [pc, #28]	@ (10000408 <gpio_set_function+0x24>)
100003ea:	0083      	lsls	r3, r0, #2
100003ec:	189a      	adds	r2, r3, r2
100003ee:	6812      	ldr	r2, [r2, #0]
100003f0:	00c0      	lsls	r0, r0, #3
100003f2:	4054      	eors	r4, r2
100003f4:	22c0      	movs	r2, #192	@ 0xc0
100003f6:	4022      	ands	r2, r4
100003f8:	4c04      	ldr	r4, [pc, #16]	@ (1000040c <gpio_set_function+0x28>)
100003fa:	191b      	adds	r3, r3, r4
100003fc:	601a      	str	r2, [r3, #0]
100003fe:	4b04      	ldr	r3, [pc, #16]	@ (10000410 <gpio_set_function+0x2c>)
10000400:	18c0      	adds	r0, r0, r3
10000402:	6041      	str	r1, [r0, #4]
10000404:	bd10      	pop	{r4, pc}
10000406:	46c0      	nop			@ (mov r8, r8)
10000408:	4001c004 	.word	0x4001c004
1000040c:	4001d004 	.word	0x4001d004
10000410:	40014000 	.word	0x40014000

10000414 <gpio_init>:
10000414:	2301      	movs	r3, #1
10000416:	22d0      	movs	r2, #208	@ 0xd0
10000418:	4083      	lsls	r3, r0
1000041a:	0612      	lsls	r2, r2, #24
1000041c:	6293      	str	r3, [r2, #40]	@ 0x28
1000041e:	6193      	str	r3, [r2, #24]
10000420:	4a08      	ldr	r2, [pc, #32]	@ (10000444 <gpio_init+0x30>)
10000422:	0083      	lsls	r3, r0, #2
10000424:	189a      	adds	r2, r3, r2
10000426:	6811      	ldr	r1, [r2, #0]
10000428:	2240      	movs	r2, #64	@ 0x40
1000042a:	4051      	eors	r1, r2
1000042c:	3280      	adds	r2, #128	@ 0x80
1000042e:	400a      	ands	r2, r1
10000430:	4905      	ldr	r1, [pc, #20]	@ (10000448 <gpio_init+0x34>)
10000432:	00c0      	lsls	r0, r0, #3
10000434:	185b      	adds	r3, r3, r1
10000436:	601a      	str	r2, [r3, #0]
10000438:	4b04      	ldr	r3, [pc, #16]	@ (1000044c <gpio_init+0x38>)
1000043a:	18c0      	adds	r0, r0, r3
1000043c:	2305      	movs	r3, #5
1000043e:	6043      	str	r3, [r0, #4]
10000440:	4770      	bx	lr
10000442:	46c0      	nop			@ (mov r8, r8)
10000444:	4001c004 	.word	0x4001c004
10000448:	4001d004 	.word	0x4001d004
1000044c:	40014000 	.word	0x40014000

10000450 <panic>:
10000450:	b40f      	push	{r0, r1, r2, r3}
10000452:	b500      	push	{lr}
10000454:	4808      	ldr	r0, [pc, #32]	@ (10000478 <panic+0x28>)
10000456:	b083      	sub	sp, #12
10000458:	f002 faa6 	bl	100029a8 <__wrap_puts>
1000045c:	9b04      	ldr	r3, [sp, #16]
1000045e:	2b00      	cmp	r3, #0
10000460:	d007      	beq.n	10000472 <panic+0x22>
10000462:	a905      	add	r1, sp, #20
10000464:	0018      	movs	r0, r3
10000466:	9101      	str	r1, [sp, #4]
10000468:	f002 f936 	bl	100026d8 <weak_raw_vprintf>
1000046c:	4803      	ldr	r0, [pc, #12]	@ (1000047c <panic+0x2c>)
1000046e:	f002 fa9b 	bl	100029a8 <__wrap_puts>
10000472:	2001      	movs	r0, #1
10000474:	f002 f948 	bl	10002708 <_exit>
10000478:	10002e2c 	.word	0x10002e2c
1000047c:	10002e90 	.word	0x10002e90

10000480 <hw_claim_or_assert>:
10000480:	b570      	push	{r4, r5, r6, lr}
10000482:	468c      	mov	ip, r1
10000484:	0016      	movs	r6, r2
10000486:	f3ef 8410 	mrs	r4, PRIMASK
1000048a:	b672      	cpsid	i
1000048c:	490f      	ldr	r1, [pc, #60]	@ (100004cc <hw_claim_or_assert+0x4c>)
1000048e:	680b      	ldr	r3, [r1, #0]
10000490:	2b00      	cmp	r3, #0
10000492:	d0fc      	beq.n	1000048e <hw_claim_or_assert+0xe>
10000494:	f3bf 8f5f 	dmb	sy
10000498:	4663      	mov	r3, ip
1000049a:	08db      	lsrs	r3, r3, #3
1000049c:	18c5      	adds	r5, r0, r3
1000049e:	2207      	movs	r2, #7
100004a0:	5cc0      	ldrb	r0, [r0, r3]
100004a2:	4663      	mov	r3, ip
100004a4:	401a      	ands	r2, r3
100004a6:	2301      	movs	r3, #1
100004a8:	4093      	lsls	r3, r2
100004aa:	001a      	movs	r2, r3
100004ac:	4002      	ands	r2, r0
100004ae:	4203      	tst	r3, r0
100004b0:	d107      	bne.n	100004c2 <hw_claim_or_assert+0x42>
100004b2:	4318      	orrs	r0, r3
100004b4:	7028      	strb	r0, [r5, #0]
100004b6:	f3bf 8f5f 	dmb	sy
100004ba:	600a      	str	r2, [r1, #0]
100004bc:	f384 8810 	msr	PRIMASK, r4
100004c0:	bd70      	pop	{r4, r5, r6, pc}
100004c2:	4661      	mov	r1, ip
100004c4:	0030      	movs	r0, r6
100004c6:	f7ff ffc3 	bl	10000450 <panic>
100004ca:	46c0      	nop			@ (mov r8, r8)
100004cc:	d000012c 	.word	0xd000012c

100004d0 <next_striped_spin_lock_num>:
100004d0:	4a04      	ldr	r2, [pc, #16]	@ (100004e4 <next_striped_spin_lock_num+0x14>)
100004d2:	7810      	ldrb	r0, [r2, #0]
100004d4:	1c43      	adds	r3, r0, #1
100004d6:	b2db      	uxtb	r3, r3
100004d8:	2b17      	cmp	r3, #23
100004da:	d900      	bls.n	100004de <next_striped_spin_lock_num+0xe>
100004dc:	2310      	movs	r3, #16
100004de:	7013      	strb	r3, [r2, #0]
100004e0:	4770      	bx	lr
100004e2:	46c0      	nop			@ (mov r8, r8)
100004e4:	2000023c 	.word	0x2000023c

100004e8 <spin_locks_reset>:
100004e8:	2100      	movs	r1, #0
100004ea:	4b04      	ldr	r3, [pc, #16]	@ (100004fc <spin_locks_reset+0x14>)
100004ec:	4a04      	ldr	r2, [pc, #16]	@ (10000500 <spin_locks_reset+0x18>)
100004ee:	f3bf 8f5f 	dmb	sy
100004f2:	c302      	stmia	r3!, {r1}
100004f4:	4293      	cmp	r3, r2
100004f6:	d1fa      	bne.n	100004ee <spin_locks_reset+0x6>
100004f8:	4770      	bx	lr
100004fa:	46c0      	nop			@ (mov r8, r8)
100004fc:	d0000100 	.word	0xd0000100
10000500:	d0000180 	.word	0xd0000180

10000504 <runtime_init_per_core_irq_priorities>:
10000504:	4b08      	ldr	r3, [pc, #32]	@ (10000528 <runtime_init_per_core_irq_priorities+0x24>)
10000506:	4a09      	ldr	r2, [pc, #36]	@ (1000052c <runtime_init_per_core_irq_priorities+0x28>)
10000508:	6013      	str	r3, [r2, #0]
1000050a:	4a09      	ldr	r2, [pc, #36]	@ (10000530 <runtime_init_per_core_irq_priorities+0x2c>)
1000050c:	6013      	str	r3, [r2, #0]
1000050e:	4a09      	ldr	r2, [pc, #36]	@ (10000534 <runtime_init_per_core_irq_priorities+0x30>)
10000510:	6013      	str	r3, [r2, #0]
10000512:	4a09      	ldr	r2, [pc, #36]	@ (10000538 <runtime_init_per_core_irq_priorities+0x34>)
10000514:	6013      	str	r3, [r2, #0]
10000516:	4a09      	ldr	r2, [pc, #36]	@ (1000053c <runtime_init_per_core_irq_priorities+0x38>)
10000518:	6013      	str	r3, [r2, #0]
1000051a:	4a09      	ldr	r2, [pc, #36]	@ (10000540 <runtime_init_per_core_irq_priorities+0x3c>)
1000051c:	6013      	str	r3, [r2, #0]
1000051e:	4a09      	ldr	r2, [pc, #36]	@ (10000544 <runtime_init_per_core_irq_priorities+0x40>)
10000520:	6013      	str	r3, [r2, #0]
10000522:	4a09      	ldr	r2, [pc, #36]	@ (10000548 <runtime_init_per_core_irq_priorities+0x44>)
10000524:	6013      	str	r3, [r2, #0]
10000526:	4770      	bx	lr
10000528:	80808080 	.word	0x80808080
1000052c:	e000e400 	.word	0xe000e400
10000530:	e000e404 	.word	0xe000e404
10000534:	e000e408 	.word	0xe000e408
10000538:	e000e40c 	.word	0xe000e40c
1000053c:	e000e410 	.word	0xe000e410
10000540:	e000e414 	.word	0xe000e414
10000544:	e000e418 	.word	0xe000e418
10000548:	e000e41c 	.word	0xe000e41c

1000054c <irq_set_enabled>:
1000054c:	231f      	movs	r3, #31
1000054e:	4018      	ands	r0, r3
10000550:	3b1e      	subs	r3, #30
10000552:	4083      	lsls	r3, r0
10000554:	2900      	cmp	r1, #0
10000556:	d005      	beq.n	10000564 <irq_set_enabled+0x18>
10000558:	21c0      	movs	r1, #192	@ 0xc0
1000055a:	4a04      	ldr	r2, [pc, #16]	@ (1000056c <irq_set_enabled+0x20>)
1000055c:	0049      	lsls	r1, r1, #1
1000055e:	5053      	str	r3, [r2, r1]
10000560:	6013      	str	r3, [r2, #0]
10000562:	4770      	bx	lr
10000564:	2280      	movs	r2, #128	@ 0x80
10000566:	4901      	ldr	r1, [pc, #4]	@ (1000056c <irq_set_enabled+0x20>)
10000568:	508b      	str	r3, [r1, r2]
1000056a:	e7fa      	b.n	10000562 <irq_set_enabled+0x16>
1000056c:	e000e100 	.word	0xe000e100

10000570 <irq_set_exclusive_handler>:
10000570:	b510      	push	{r4, lr}
10000572:	f3ef 8c10 	mrs	ip, PRIMASK
10000576:	b672      	cpsid	i
10000578:	4a0f      	ldr	r2, [pc, #60]	@ (100005b8 <irq_set_exclusive_handler+0x48>)
1000057a:	6813      	ldr	r3, [r2, #0]
1000057c:	2b00      	cmp	r3, #0
1000057e:	d0fc      	beq.n	1000057a <irq_set_exclusive_handler+0xa>
10000580:	f3bf 8f5f 	dmb	sy
10000584:	4b0d      	ldr	r3, [pc, #52]	@ (100005bc <irq_set_exclusive_handler+0x4c>)
10000586:	3010      	adds	r0, #16
10000588:	689b      	ldr	r3, [r3, #8]
1000058a:	0080      	lsls	r0, r0, #2
1000058c:	581b      	ldr	r3, [r3, r0]
1000058e:	4a0c      	ldr	r2, [pc, #48]	@ (100005c0 <irq_set_exclusive_handler+0x50>)
10000590:	4293      	cmp	r3, r2
10000592:	d001      	beq.n	10000598 <irq_set_exclusive_handler+0x28>
10000594:	4299      	cmp	r1, r3
10000596:	d10c      	bne.n	100005b2 <irq_set_exclusive_handler+0x42>
10000598:	4b08      	ldr	r3, [pc, #32]	@ (100005bc <irq_set_exclusive_handler+0x4c>)
1000059a:	689b      	ldr	r3, [r3, #8]
1000059c:	5019      	str	r1, [r3, r0]
1000059e:	f3bf 8f5f 	dmb	sy
100005a2:	f3bf 8f5f 	dmb	sy
100005a6:	2200      	movs	r2, #0
100005a8:	4b03      	ldr	r3, [pc, #12]	@ (100005b8 <irq_set_exclusive_handler+0x48>)
100005aa:	601a      	str	r2, [r3, #0]
100005ac:	f38c 8810 	msr	PRIMASK, ip
100005b0:	bd10      	pop	{r4, pc}
100005b2:	f000 ff21 	bl	100013f8 <hard_assertion_failure>
100005b6:	46c0      	nop			@ (mov r8, r8)
100005b8:	d0000124 	.word	0xd0000124
100005bc:	e000ed00 	.word	0xe000ed00
100005c0:	100001c1 	.word	0x100001c1

100005c4 <irq_remove_handler>:
100005c4:	b5f0      	push	{r4, r5, r6, r7, lr}
100005c6:	46de      	mov	lr, fp
100005c8:	4657      	mov	r7, sl
100005ca:	464e      	mov	r6, r9
100005cc:	4645      	mov	r5, r8
100005ce:	b5e0      	push	{r5, r6, r7, lr}
100005d0:	b083      	sub	sp, #12
100005d2:	f3ef 8910 	mrs	r9, PRIMASK
100005d6:	b672      	cpsid	i
100005d8:	4a5d      	ldr	r2, [pc, #372]	@ (10000750 <irq_remove_handler+0x18c>)
100005da:	6813      	ldr	r3, [r2, #0]
100005dc:	2b00      	cmp	r3, #0
100005de:	d0fc      	beq.n	100005da <irq_remove_handler+0x16>
100005e0:	f3bf 8f5f 	dmb	sy
100005e4:	4b5b      	ldr	r3, [pc, #364]	@ (10000754 <irq_remove_handler+0x190>)
100005e6:	4e5c      	ldr	r6, [pc, #368]	@ (10000758 <irq_remove_handler+0x194>)
100005e8:	689a      	ldr	r2, [r3, #8]
100005ea:	0003      	movs	r3, r0
100005ec:	3310      	adds	r3, #16
100005ee:	009c      	lsls	r4, r3, #2
100005f0:	5912      	ldr	r2, [r2, r4]
100005f2:	4698      	mov	r8, r3
100005f4:	42b2      	cmp	r2, r6
100005f6:	d03b      	beq.n	10000670 <irq_remove_handler+0xac>
100005f8:	428a      	cmp	r2, r1
100005fa:	d04c      	beq.n	10000696 <irq_remove_handler+0xd2>
100005fc:	4f57      	ldr	r7, [pc, #348]	@ (1000075c <irq_remove_handler+0x198>)
100005fe:	46bc      	mov	ip, r7
10000600:	1bd7      	subs	r7, r2, r7
10000602:	2f2f      	cmp	r7, #47	@ 0x2f
10000604:	d834      	bhi.n	10000670 <irq_remove_handler+0xac>
10000606:	4b56      	ldr	r3, [pc, #344]	@ (10000760 <irq_remove_handler+0x19c>)
10000608:	271f      	movs	r7, #31
1000060a:	681d      	ldr	r5, [r3, #0]
1000060c:	4007      	ands	r7, r0
1000060e:	46aa      	mov	sl, r5
10000610:	2501      	movs	r5, #1
10000612:	40bd      	lsls	r5, r7
10000614:	2780      	movs	r7, #128	@ 0x80
10000616:	9501      	str	r5, [sp, #4]
10000618:	51dd      	str	r5, [r3, r7]
1000061a:	f3bf 8f5f 	dmb	sy
1000061e:	f3ef 8505 	mrs	r5, IPSR
10000622:	46ab      	mov	fp, r5
10000624:	2d00      	cmp	r5, #0
10000626:	d138      	bne.n	1000069a <irq_remove_handler+0xd6>
10000628:	2301      	movs	r3, #1
1000062a:	001d      	movs	r5, r3
1000062c:	4085      	lsls	r5, r0
1000062e:	0028      	movs	r0, r5
10000630:	4655      	mov	r5, sl
10000632:	4005      	ands	r5, r0
10000634:	0010      	movs	r0, r2
10000636:	4398      	bics	r0, r3
10000638:	6887      	ldr	r7, [r0, #8]
1000063a:	46aa      	mov	sl, r5
1000063c:	42b9      	cmp	r1, r7
1000063e:	d108      	bne.n	10000652 <irq_remove_handler+0x8e>
10000640:	e07c      	b.n	1000073c <irq_remove_handler+0x178>
10000642:	0073      	lsls	r3, r6, #1
10000644:	199b      	adds	r3, r3, r6
10000646:	009b      	lsls	r3, r3, #2
10000648:	4463      	add	r3, ip
1000064a:	689f      	ldr	r7, [r3, #8]
1000064c:	42b9      	cmp	r1, r7
1000064e:	d02d      	beq.n	100006ac <irq_remove_handler+0xe8>
10000650:	0018      	movs	r0, r3
10000652:	2606      	movs	r6, #6
10000654:	5786      	ldrsb	r6, [r0, r6]
10000656:	2e00      	cmp	r6, #0
10000658:	daf3      	bge.n	10000642 <irq_remove_handler+0x7e>
1000065a:	42b9      	cmp	r1, r7
1000065c:	d04c      	beq.n	100006f8 <irq_remove_handler+0x134>
1000065e:	4653      	mov	r3, sl
10000660:	2b00      	cmp	r3, #0
10000662:	d01e      	beq.n	100006a2 <irq_remove_handler+0xde>
10000664:	21c0      	movs	r1, #192	@ 0xc0
10000666:	4b3e      	ldr	r3, [pc, #248]	@ (10000760 <irq_remove_handler+0x19c>)
10000668:	9801      	ldr	r0, [sp, #4]
1000066a:	0049      	lsls	r1, r1, #1
1000066c:	5058      	str	r0, [r3, r1]
1000066e:	6018      	str	r0, [r3, #0]
10000670:	4b38      	ldr	r3, [pc, #224]	@ (10000754 <irq_remove_handler+0x190>)
10000672:	689b      	ldr	r3, [r3, #8]
10000674:	511a      	str	r2, [r3, r4]
10000676:	f3bf 8f5f 	dmb	sy
1000067a:	f3bf 8f5f 	dmb	sy
1000067e:	2200      	movs	r2, #0
10000680:	4b33      	ldr	r3, [pc, #204]	@ (10000750 <irq_remove_handler+0x18c>)
10000682:	601a      	str	r2, [r3, #0]
10000684:	f389 8810 	msr	PRIMASK, r9
10000688:	b003      	add	sp, #12
1000068a:	bcf0      	pop	{r4, r5, r6, r7}
1000068c:	46bb      	mov	fp, r7
1000068e:	46b2      	mov	sl, r6
10000690:	46a9      	mov	r9, r5
10000692:	46a0      	mov	r8, r4
10000694:	bdf0      	pop	{r4, r5, r6, r7, pc}
10000696:	0032      	movs	r2, r6
10000698:	e7ea      	b.n	10000670 <irq_remove_handler+0xac>
1000069a:	45a8      	cmp	r8, r5
1000069c:	d0c4      	beq.n	10000628 <irq_remove_handler+0x64>
1000069e:	f000 feab 	bl	100013f8 <hard_assertion_failure>
100006a2:	2380      	movs	r3, #128	@ 0x80
100006a4:	492e      	ldr	r1, [pc, #184]	@ (10000760 <irq_remove_handler+0x19c>)
100006a6:	9801      	ldr	r0, [sp, #4]
100006a8:	50c8      	str	r0, [r1, r3]
100006aa:	e7e1      	b.n	10000670 <irq_remove_handler+0xac>
100006ac:	2706      	movs	r7, #6
100006ae:	57df      	ldrsb	r7, [r3, r7]
100006b0:	2f00      	cmp	r7, #0
100006b2:	db22      	blt.n	100006fa <irq_remove_handler+0x136>
100006b4:	0079      	lsls	r1, r7, #1
100006b6:	19c8      	adds	r0, r1, r7
100006b8:	0085      	lsls	r5, r0, #2
100006ba:	002e      	movs	r6, r5
100006bc:	4466      	add	r6, ip
100006be:	68b0      	ldr	r0, [r6, #8]
100006c0:	6098      	str	r0, [r3, #8]
100006c2:	79f0      	ldrb	r0, [r6, #7]
100006c4:	71d8      	strb	r0, [r3, #7]
100006c6:	2006      	movs	r0, #6
100006c8:	5630      	ldrsb	r0, [r6, r0]
100006ca:	7198      	strb	r0, [r3, #6]
100006cc:	2800      	cmp	r0, #0
100006ce:	db26      	blt.n	1000071e <irq_remove_handler+0x15a>
100006d0:	4660      	mov	r0, ip
100006d2:	88b6      	ldrh	r6, [r6, #4]
100006d4:	1ac0      	subs	r0, r0, r3
100006d6:	0576      	lsls	r6, r6, #21
100006d8:	1536      	asrs	r6, r6, #20
100006da:	1976      	adds	r6, r6, r5
100006dc:	1980      	adds	r0, r0, r6
100006de:	0500      	lsls	r0, r0, #20
100006e0:	4e20      	ldr	r6, [pc, #128]	@ (10000764 <irq_remove_handler+0x1a0>)
100006e2:	0d40      	lsrs	r0, r0, #21
100006e4:	4330      	orrs	r0, r6
100006e6:	8098      	strh	r0, [r3, #4]
100006e8:	19cb      	adds	r3, r1, r7
100006ea:	491f      	ldr	r1, [pc, #124]	@ (10000768 <irq_remove_handler+0x1a4>)
100006ec:	009b      	lsls	r3, r3, #2
100006ee:	7808      	ldrb	r0, [r1, #0]
100006f0:	4463      	add	r3, ip
100006f2:	7198      	strb	r0, [r3, #6]
100006f4:	700f      	strb	r7, [r1, #0]
100006f6:	e7b2      	b.n	1000065e <irq_remove_handler+0x9a>
100006f8:	0003      	movs	r3, r0
100006fa:	4659      	mov	r1, fp
100006fc:	2900      	cmp	r1, #0
100006fe:	d110      	bne.n	10000722 <irq_remove_handler+0x15e>
10000700:	31ff      	adds	r1, #255	@ 0xff
10000702:	7181      	strb	r1, [r0, #6]
10000704:	4919      	ldr	r1, [pc, #100]	@ (1000076c <irq_remove_handler+0x1a8>)
10000706:	8081      	strh	r1, [r0, #4]
10000708:	4817      	ldr	r0, [pc, #92]	@ (10000768 <irq_remove_handler+0x1a4>)
1000070a:	4665      	mov	r5, ip
1000070c:	7801      	ldrb	r1, [r0, #0]
1000070e:	7199      	strb	r1, [r3, #6]
10000710:	4917      	ldr	r1, [pc, #92]	@ (10000770 <irq_remove_handler+0x1ac>)
10000712:	1b5b      	subs	r3, r3, r5
10000714:	415b      	adcs	r3, r3
10000716:	4359      	muls	r1, r3
10000718:	0d09      	lsrs	r1, r1, #20
1000071a:	7001      	strb	r1, [r0, #0]
1000071c:	e79f      	b.n	1000065e <irq_remove_handler+0x9a>
1000071e:	4813      	ldr	r0, [pc, #76]	@ (1000076c <irq_remove_handler+0x1a8>)
10000720:	e7e1      	b.n	100006e6 <irq_remove_handler+0x122>
10000722:	4914      	ldr	r1, [pc, #80]	@ (10000774 <irq_remove_handler+0x1b0>)
10000724:	4814      	ldr	r0, [pc, #80]	@ (10000778 <irq_remove_handler+0x1b4>)
10000726:	1ac9      	subs	r1, r1, r3
10000728:	3908      	subs	r1, #8
1000072a:	024e      	lsls	r6, r1, #9
1000072c:	0d76      	lsrs	r6, r6, #21
1000072e:	4330      	orrs	r0, r6
10000730:	8098      	strh	r0, [r3, #4]
10000732:	4812      	ldr	r0, [pc, #72]	@ (1000077c <irq_remove_handler+0x1b8>)
10000734:	0849      	lsrs	r1, r1, #1
10000736:	4301      	orrs	r1, r0
10000738:	80d9      	strh	r1, [r3, #6]
1000073a:	e790      	b.n	1000065e <irq_remove_handler+0x9a>
1000073c:	2706      	movs	r7, #6
1000073e:	57c7      	ldrsb	r7, [r0, r7]
10000740:	0003      	movs	r3, r0
10000742:	2f00      	cmp	r7, #0
10000744:	dab6      	bge.n	100006b4 <irq_remove_handler+0xf0>
10000746:	4659      	mov	r1, fp
10000748:	2900      	cmp	r1, #0
1000074a:	d1ea      	bne.n	10000722 <irq_remove_handler+0x15e>
1000074c:	0032      	movs	r2, r6
1000074e:	e7db      	b.n	10000708 <irq_remove_handler+0x144>
10000750:	d0000124 	.word	0xd0000124
10000754:	e000ed00 	.word	0xe000ed00
10000758:	100001c1 	.word	0x100001c1
1000075c:	20000240 	.word	0x20000240
10000760:	e000e100 	.word	0xe000e100
10000764:	ffffe000 	.word	0xffffe000
10000768:	20000ad6 	.word	0x20000ad6
1000076c:	ffffbd01 	.word	0xffffbd01
10000770:	0000aaaa 	.word	0x0000aaaa
10000774:	2000027a 	.word	0x2000027a
10000778:	fffff000 	.word	0xfffff000
1000077c:	fffff800 	.word	0xfffff800

10000780 <irq_add_tail_to_free_list>:
10000780:	2301      	movs	r3, #1
10000782:	4303      	orrs	r3, r0
10000784:	b570      	push	{r4, r5, r6, lr}
10000786:	469c      	mov	ip, r3
10000788:	f3ef 8105 	mrs	r1, IPSR
1000078c:	f3ef 8510 	mrs	r5, PRIMASK
10000790:	b672      	cpsid	i
10000792:	4a21      	ldr	r2, [pc, #132]	@ (10000818 <irq_add_tail_to_free_list+0x98>)
10000794:	6813      	ldr	r3, [r2, #0]
10000796:	2b00      	cmp	r3, #0
10000798:	d0fc      	beq.n	10000794 <irq_add_tail_to_free_list+0x14>
1000079a:	f3bf 8f5f 	dmb	sy
1000079e:	4b1f      	ldr	r3, [pc, #124]	@ (1000081c <irq_add_tail_to_free_list+0x9c>)
100007a0:	0004      	movs	r4, r0
100007a2:	4a1f      	ldr	r2, [pc, #124]	@ (10000820 <irq_add_tail_to_free_list+0xa0>)
100007a4:	1ae4      	subs	r4, r4, r3
100007a6:	4164      	adcs	r4, r4
100007a8:	4362      	muls	r2, r4
100007aa:	0d12      	lsrs	r2, r2, #20
100007ac:	4c1d      	ldr	r4, [pc, #116]	@ (10000824 <irq_add_tail_to_free_list+0xa4>)
100007ae:	0089      	lsls	r1, r1, #2
100007b0:	68a6      	ldr	r6, [r4, #8]
100007b2:	b252      	sxtb	r2, r2
100007b4:	5876      	ldr	r6, [r6, r1]
100007b6:	4566      	cmp	r6, ip
100007b8:	d01c      	beq.n	100007f4 <irq_add_tail_to_free_list+0x74>
100007ba:	2106      	movs	r1, #6
100007bc:	5659      	ldrsb	r1, [r3, r1]
100007be:	4291      	cmp	r1, r2
100007c0:	d01c      	beq.n	100007fc <irq_add_tail_to_free_list+0x7c>
100007c2:	2112      	movs	r1, #18
100007c4:	5659      	ldrsb	r1, [r3, r1]
100007c6:	4291      	cmp	r1, r2
100007c8:	d022      	beq.n	10000810 <irq_add_tail_to_free_list+0x90>
100007ca:	211e      	movs	r1, #30
100007cc:	5659      	ldrsb	r1, [r3, r1]
100007ce:	4291      	cmp	r1, r2
100007d0:	d020      	beq.n	10000814 <irq_add_tail_to_free_list+0x94>
100007d2:	212a      	movs	r1, #42	@ 0x2a
100007d4:	5659      	ldrsb	r1, [r3, r1]
100007d6:	2403      	movs	r4, #3
100007d8:	4291      	cmp	r1, r2
100007da:	d010      	beq.n	100007fe <irq_add_tail_to_free_list+0x7e>
100007dc:	4b12      	ldr	r3, [pc, #72]	@ (10000828 <irq_add_tail_to_free_list+0xa8>)
100007de:	7819      	ldrb	r1, [r3, #0]
100007e0:	701a      	strb	r2, [r3, #0]
100007e2:	7181      	strb	r1, [r0, #6]
100007e4:	f3bf 8f5f 	dmb	sy
100007e8:	2200      	movs	r2, #0
100007ea:	4b0b      	ldr	r3, [pc, #44]	@ (10000818 <irq_add_tail_to_free_list+0x98>)
100007ec:	601a      	str	r2, [r3, #0]
100007ee:	f385 8810 	msr	PRIMASK, r5
100007f2:	bd70      	pop	{r4, r5, r6, pc}
100007f4:	68a3      	ldr	r3, [r4, #8]
100007f6:	4c0d      	ldr	r4, [pc, #52]	@ (1000082c <irq_add_tail_to_free_list+0xac>)
100007f8:	505c      	str	r4, [r3, r1]
100007fa:	e7ef      	b.n	100007dc <irq_add_tail_to_free_list+0x5c>
100007fc:	2400      	movs	r4, #0
100007fe:	0061      	lsls	r1, r4, #1
10000800:	1909      	adds	r1, r1, r4
10000802:	0089      	lsls	r1, r1, #2
10000804:	185b      	adds	r3, r3, r1
10000806:	21ff      	movs	r1, #255	@ 0xff
10000808:	7199      	strb	r1, [r3, #6]
1000080a:	4909      	ldr	r1, [pc, #36]	@ (10000830 <irq_add_tail_to_free_list+0xb0>)
1000080c:	8099      	strh	r1, [r3, #4]
1000080e:	e7e5      	b.n	100007dc <irq_add_tail_to_free_list+0x5c>
10000810:	2401      	movs	r4, #1
10000812:	e7f4      	b.n	100007fe <irq_add_tail_to_free_list+0x7e>
10000814:	2402      	movs	r4, #2
10000816:	e7f2      	b.n	100007fe <irq_add_tail_to_free_list+0x7e>
10000818:	d0000124 	.word	0xd0000124
1000081c:	20000240 	.word	0x20000240
10000820:	0000aaaa 	.word	0x0000aaaa
10000824:	e000ed00 	.word	0xe000ed00
10000828:	20000ad6 	.word	0x20000ad6
1000082c:	100001c1 	.word	0x100001c1
10000830:	ffffbd01 	.word	0xffffbd01

10000834 <lock_init>:
10000834:	4b02      	ldr	r3, [pc, #8]	@ (10000840 <lock_init+0xc>)
10000836:	18c9      	adds	r1, r1, r3
10000838:	0089      	lsls	r1, r1, #2
1000083a:	6001      	str	r1, [r0, #0]
1000083c:	4770      	bx	lr
1000083e:	46c0      	nop			@ (mov r8, r8)
10000840:	34000040 	.word	0x34000040

10000844 <runtime_init_mutex>:
10000844:	b570      	push	{r4, r5, r6, lr}
10000846:	4c11      	ldr	r4, [pc, #68]	@ (1000088c <runtime_init_mutex+0x48>)
10000848:	4d11      	ldr	r5, [pc, #68]	@ (10000890 <runtime_init_mutex+0x4c>)
1000084a:	42ac      	cmp	r4, r5
1000084c:	d20f      	bcs.n	1000086e <runtime_init_mutex+0x2a>
1000084e:	26ff      	movs	r6, #255	@ 0xff
10000850:	6823      	ldr	r3, [r4, #0]
10000852:	2b00      	cmp	r3, #0
10000854:	d00c      	beq.n	10000870 <runtime_init_mutex+0x2c>
10000856:	f7ff fe3b 	bl	100004d0 <next_striped_spin_lock_num>
1000085a:	0001      	movs	r1, r0
1000085c:	0020      	movs	r0, r4
1000085e:	f7ff ffe9 	bl	10000834 <lock_init>
10000862:	80a6      	strh	r6, [r4, #4]
10000864:	f3bf 8f5f 	dmb	sy
10000868:	3408      	adds	r4, #8
1000086a:	42ac      	cmp	r4, r5
1000086c:	d3f0      	bcc.n	10000850 <runtime_init_mutex+0xc>
1000086e:	bd70      	pop	{r4, r5, r6, pc}
10000870:	f7ff fe2e 	bl	100004d0 <next_striped_spin_lock_num>
10000874:	0001      	movs	r1, r0
10000876:	0020      	movs	r0, r4
10000878:	f7ff ffdc 	bl	10000834 <lock_init>
1000087c:	7126      	strb	r6, [r4, #4]
1000087e:	f3bf 8f5f 	dmb	sy
10000882:	3408      	adds	r4, #8
10000884:	42ac      	cmp	r4, r5
10000886:	d3e3      	bcc.n	10000850 <runtime_init_mutex+0xc>
10000888:	e7f1      	b.n	1000086e <runtime_init_mutex+0x2a>
1000088a:	46c0      	nop			@ (mov r8, r8)
1000088c:	200002e8 	.word	0x200002e8
10000890:	200002f0 	.word	0x200002f0

10000894 <sleep_until_callback>:
10000894:	4b0a      	ldr	r3, [pc, #40]	@ (100008c0 <sleep_until_callback+0x2c>)
10000896:	6819      	ldr	r1, [r3, #0]
10000898:	f3ef 8010 	mrs	r0, PRIMASK
1000089c:	b672      	cpsid	i
1000089e:	680a      	ldr	r2, [r1, #0]
100008a0:	2a00      	cmp	r2, #0
100008a2:	d0fc      	beq.n	1000089e <sleep_until_callback+0xa>
100008a4:	f3bf 8f5f 	dmb	sy
100008a8:	681b      	ldr	r3, [r3, #0]
100008aa:	f3bf 8f5f 	dmb	sy
100008ae:	2200      	movs	r2, #0
100008b0:	601a      	str	r2, [r3, #0]
100008b2:	f380 8810 	msr	PRIMASK, r0
100008b6:	bf40      	sev
100008b8:	2000      	movs	r0, #0
100008ba:	2100      	movs	r1, #0
100008bc:	4770      	bx	lr
100008be:	46c0      	nop			@ (mov r8, r8)
100008c0:	20000ac8 	.word	0x20000ac8

100008c4 <alarm_pool_irq_handler>:
100008c4:	b5f0      	push	{r4, r5, r6, r7, lr}
100008c6:	46de      	mov	lr, fp
100008c8:	4657      	mov	r7, sl
100008ca:	464e      	mov	r6, r9
100008cc:	4645      	mov	r5, r8
100008ce:	b5e0      	push	{r5, r6, r7, lr}
100008d0:	b085      	sub	sp, #20
100008d2:	f3ef 8305 	mrs	r3, IPSR
100008d6:	2203      	movs	r2, #3
100008d8:	401a      	ands	r2, r3
100008da:	4bb3      	ldr	r3, [pc, #716]	@ (10000ba8 <alarm_pool_irq_handler+0x2e4>)
100008dc:	0091      	lsls	r1, r2, #2
100008de:	585f      	ldr	r7, [r3, r1]
100008e0:	2301      	movs	r3, #1
100008e2:	4093      	lsls	r3, r2
100008e4:	469b      	mov	fp, r3
100008e6:	9202      	str	r2, [sp, #8]
100008e8:	465a      	mov	r2, fp
100008ea:	4688      	mov	r8, r1
100008ec:	4baf      	ldr	r3, [pc, #700]	@ (10000bac <alarm_pool_irq_handler+0x2e8>)
100008ee:	601a      	str	r2, [r3, #0]
100008f0:	4baf      	ldr	r3, [pc, #700]	@ (10000bb0 <alarm_pool_irq_handler+0x2ec>)
100008f2:	9303      	str	r3, [sp, #12]
100008f4:	465b      	mov	r3, fp
100008f6:	48af      	ldr	r0, [pc, #700]	@ (10000bb4 <alarm_pool_irq_handler+0x2f0>)
100008f8:	6343      	str	r3, [r0, #52]	@ 0x34
100008fa:	2308      	movs	r3, #8
100008fc:	5efe      	ldrsh	r6, [r7, r3]
100008fe:	2e00      	cmp	r6, #0
10000900:	da37      	bge.n	10000972 <alarm_pool_irq_handler+0xae>
10000902:	88bb      	ldrh	r3, [r7, #4]
10000904:	b21b      	sxth	r3, r3
10000906:	2b00      	cmp	r3, #0
10000908:	db00      	blt.n	1000090c <alarm_pool_irq_handler+0x48>
1000090a:	e0a4      	b.n	10000a56 <alarm_pool_irq_handler+0x192>
1000090c:	79bb      	ldrb	r3, [r7, #6]
1000090e:	2b00      	cmp	r3, #0
10000910:	d000      	beq.n	10000914 <alarm_pool_irq_handler+0x50>
10000912:	e0e5      	b.n	10000ae0 <alarm_pool_irq_handler+0x21c>
10000914:	2308      	movs	r3, #8
10000916:	5ef9      	ldrsh	r1, [r7, r3]
10000918:	2900      	cmp	r1, #0
1000091a:	db20      	blt.n	1000095e <alarm_pool_irq_handler+0x9a>
1000091c:	004b      	lsls	r3, r1, #1
1000091e:	697a      	ldr	r2, [r7, #20]
10000920:	185b      	adds	r3, r3, r1
10000922:	00db      	lsls	r3, r3, #3
10000924:	18d3      	adds	r3, r2, r3
10000926:	689d      	ldr	r5, [r3, #8]
10000928:	68dc      	ldr	r4, [r3, #12]
1000092a:	1c6b      	adds	r3, r5, #1
1000092c:	d100      	bne.n	10000930 <alarm_pool_irq_handler+0x6c>
1000092e:	e104      	b.n	10000b3a <alarm_pool_irq_handler+0x276>
10000930:	48a0      	ldr	r0, [pc, #640]	@ (10000bb4 <alarm_pool_irq_handler+0x2f0>)
10000932:	0001      	movs	r1, r0
10000934:	4441      	add	r1, r8
10000936:	6a82      	ldr	r2, [r0, #40]	@ 0x28
10000938:	690b      	ldr	r3, [r1, #16]
1000093a:	1aae      	subs	r6, r5, r2
1000093c:	1a9b      	subs	r3, r3, r2
1000093e:	429e      	cmp	r6, r3
10000940:	d315      	bcc.n	1000096e <alarm_pool_irq_handler+0xaa>
10000942:	2301      	movs	r3, #1
10000944:	6a02      	ldr	r2, [r0, #32]
10000946:	9802      	ldr	r0, [sp, #8]
10000948:	4083      	lsls	r3, r0
1000094a:	421a      	tst	r2, r3
1000094c:	d00f      	beq.n	1000096e <alarm_pool_irq_handler+0xaa>
1000094e:	4899      	ldr	r0, [pc, #612]	@ (10000bb4 <alarm_pool_irq_handler+0x2f0>)
10000950:	f000 fad6 	bl	10000f00 <timer_time_us_64>
10000954:	428c      	cmp	r4, r1
10000956:	dc02      	bgt.n	1000095e <alarm_pool_irq_handler+0x9a>
10000958:	d1cc      	bne.n	100008f4 <alarm_pool_irq_handler+0x30>
1000095a:	4285      	cmp	r5, r0
1000095c:	d9ca      	bls.n	100008f4 <alarm_pool_irq_handler+0x30>
1000095e:	bf40      	sev
10000960:	b005      	add	sp, #20
10000962:	bcf0      	pop	{r4, r5, r6, r7}
10000964:	46bb      	mov	fp, r7
10000966:	46b2      	mov	sl, r6
10000968:	46a9      	mov	r9, r5
1000096a:	46a0      	mov	r8, r4
1000096c:	bdf0      	pop	{r4, r5, r6, r7, pc}
1000096e:	610d      	str	r5, [r1, #16]
10000970:	e7ed      	b.n	1000094e <alarm_pool_irq_handler+0x8a>
10000972:	697a      	ldr	r2, [r7, #20]
10000974:	0073      	lsls	r3, r6, #1
10000976:	4691      	mov	r9, r2
10000978:	199b      	adds	r3, r3, r6
1000097a:	00db      	lsls	r3, r3, #3
1000097c:	4499      	add	r9, r3
1000097e:	464b      	mov	r3, r9
10000980:	689c      	ldr	r4, [r3, #8]
10000982:	68dd      	ldr	r5, [r3, #12]
10000984:	f000 fabc 	bl	10000f00 <timer_time_us_64>
10000988:	428d      	cmp	r5, r1
1000098a:	dcba      	bgt.n	10000902 <alarm_pool_irq_handler+0x3e>
1000098c:	d100      	bne.n	10000990 <alarm_pool_irq_handler+0xcc>
1000098e:	e0f6      	b.n	10000b7e <alarm_pool_irq_handler+0x2ba>
10000990:	2d00      	cmp	r5, #0
10000992:	da00      	bge.n	10000996 <alarm_pool_irq_handler+0xd2>
10000994:	e0db      	b.n	10000b4e <alarm_pool_irq_handler+0x28a>
10000996:	464a      	mov	r2, r9
10000998:	464b      	mov	r3, r9
1000099a:	6952      	ldr	r2, [r2, #20]
1000099c:	691b      	ldr	r3, [r3, #16]
1000099e:	4692      	mov	sl, r2
100009a0:	9a03      	ldr	r2, [sp, #12]
100009a2:	4293      	cmp	r3, r2
100009a4:	d100      	bne.n	100009a8 <alarm_pool_irq_handler+0xe4>
100009a6:	e0cc      	b.n	10000b42 <alarm_pool_irq_handler+0x27e>
100009a8:	464a      	mov	r2, r9
100009aa:	2108      	movs	r1, #8
100009ac:	5e78      	ldrsh	r0, [r7, r1]
100009ae:	8852      	ldrh	r2, [r2, #2]
100009b0:	0400      	lsls	r0, r0, #16
100009b2:	4651      	mov	r1, sl
100009b4:	4310      	orrs	r0, r2
100009b6:	4798      	blx	r3
100009b8:	9000      	str	r0, [sp, #0]
100009ba:	9101      	str	r1, [sp, #4]
100009bc:	9900      	ldr	r1, [sp, #0]
100009be:	9a01      	ldr	r2, [sp, #4]
100009c0:	000b      	movs	r3, r1
100009c2:	4313      	orrs	r3, r2
100009c4:	d100      	bne.n	100009c8 <alarm_pool_irq_handler+0x104>
100009c6:	e0c2      	b.n	10000b4e <alarm_pool_irq_handler+0x28a>
100009c8:	0013      	movs	r3, r2
100009ca:	000a      	movs	r2, r1
100009cc:	2b00      	cmp	r3, #0
100009ce:	db00      	blt.n	100009d2 <alarm_pool_irq_handler+0x10e>
100009d0:	e0d9      	b.n	10000b86 <alarm_pool_irq_handler+0x2c2>
100009d2:	0020      	movs	r0, r4
100009d4:	0029      	movs	r1, r5
100009d6:	1a80      	subs	r0, r0, r2
100009d8:	4199      	sbcs	r1, r3
100009da:	464b      	mov	r3, r9
100009dc:	6098      	str	r0, [r3, #8]
100009de:	60d9      	str	r1, [r3, #12]
100009e0:	2200      	movs	r2, #0
100009e2:	5e9b      	ldrsh	r3, [r3, r2]
100009e4:	2b00      	cmp	r3, #0
100009e6:	da00      	bge.n	100009ea <alarm_pool_irq_handler+0x126>
100009e8:	e78b      	b.n	10000902 <alarm_pool_irq_handler+0x3e>
100009ea:	005d      	lsls	r5, r3, #1
100009ec:	697c      	ldr	r4, [r7, #20]
100009ee:	18ea      	adds	r2, r5, r3
100009f0:	00d2      	lsls	r2, r2, #3
100009f2:	18a2      	adds	r2, r4, r2
100009f4:	9400      	str	r4, [sp, #0]
100009f6:	6894      	ldr	r4, [r2, #8]
100009f8:	68d2      	ldr	r2, [r2, #12]
100009fa:	46a2      	mov	sl, r4
100009fc:	428a      	cmp	r2, r1
100009fe:	dd00      	ble.n	10000a02 <alarm_pool_irq_handler+0x13e>
10000a00:	e77f      	b.n	10000902 <alarm_pool_irq_handler+0x3e>
10000a02:	d102      	bne.n	10000a0a <alarm_pool_irq_handler+0x146>
10000a04:	4284      	cmp	r4, r0
10000a06:	d900      	bls.n	10000a0a <alarm_pool_irq_handler+0x146>
10000a08:	e77b      	b.n	10000902 <alarm_pool_irq_handler+0x3e>
10000a0a:	2408      	movs	r4, #8
10000a0c:	46a4      	mov	ip, r4
10000a0e:	813b      	strh	r3, [r7, #8]
10000a10:	44bc      	add	ip, r7
10000a12:	9c00      	ldr	r4, [sp, #0]
10000a14:	9700      	str	r7, [sp, #0]
10000a16:	002f      	movs	r7, r5
10000a18:	4665      	mov	r5, ip
10000a1a:	46b4      	mov	ip, r6
10000a1c:	003e      	movs	r6, r7
10000a1e:	e006      	b.n	10000a2e <alarm_pool_irq_handler+0x16a>
10000a20:	005e      	lsls	r6, r3, #1
10000a22:	18f2      	adds	r2, r6, r3
10000a24:	00d2      	lsls	r2, r2, #3
10000a26:	18a2      	adds	r2, r4, r2
10000a28:	6897      	ldr	r7, [r2, #8]
10000a2a:	68d2      	ldr	r2, [r2, #12]
10000a2c:	46ba      	mov	sl, r7
10000a2e:	428a      	cmp	r2, r1
10000a30:	dc07      	bgt.n	10000a42 <alarm_pool_irq_handler+0x17e>
10000a32:	d100      	bne.n	10000a36 <alarm_pool_irq_handler+0x172>
10000a34:	e0b4      	b.n	10000ba0 <alarm_pool_irq_handler+0x2dc>
10000a36:	18f3      	adds	r3, r6, r3
10000a38:	00db      	lsls	r3, r3, #3
10000a3a:	18e5      	adds	r5, r4, r3
10000a3c:	5ee3      	ldrsh	r3, [r4, r3]
10000a3e:	2b00      	cmp	r3, #0
10000a40:	daee      	bge.n	10000a20 <alarm_pool_irq_handler+0x15c>
10000a42:	4666      	mov	r6, ip
10000a44:	464a      	mov	r2, r9
10000a46:	9f00      	ldr	r7, [sp, #0]
10000a48:	8013      	strh	r3, [r2, #0]
10000a4a:	802e      	strh	r6, [r5, #0]
10000a4c:	88bb      	ldrh	r3, [r7, #4]
10000a4e:	b21b      	sxth	r3, r3
10000a50:	2b00      	cmp	r3, #0
10000a52:	da00      	bge.n	10000a56 <alarm_pool_irq_handler+0x192>
10000a54:	e75a      	b.n	1000090c <alarm_pool_irq_handler+0x48>
10000a56:	693a      	ldr	r2, [r7, #16]
10000a58:	f3ef 8110 	mrs	r1, PRIMASK
10000a5c:	b672      	cpsid	i
10000a5e:	6813      	ldr	r3, [r2, #0]
10000a60:	2b00      	cmp	r3, #0
10000a62:	d0fc      	beq.n	10000a5e <alarm_pool_irq_handler+0x19a>
10000a64:	f3bf 8f5f 	dmb	sy
10000a68:	2301      	movs	r3, #1
10000a6a:	88be      	ldrh	r6, [r7, #4]
10000a6c:	425b      	negs	r3, r3
10000a6e:	80bb      	strh	r3, [r7, #4]
10000a70:	b236      	sxth	r6, r6
10000a72:	693b      	ldr	r3, [r7, #16]
10000a74:	f3bf 8f5f 	dmb	sy
10000a78:	2200      	movs	r2, #0
10000a7a:	601a      	str	r2, [r3, #0]
10000a7c:	f381 8810 	msr	PRIMASK, r1
10000a80:	2e00      	cmp	r6, #0
10000a82:	da00      	bge.n	10000a86 <alarm_pool_irq_handler+0x1c2>
10000a84:	e742      	b.n	1000090c <alarm_pool_irq_handler+0x48>
10000a86:	003b      	movs	r3, r7
10000a88:	3308      	adds	r3, #8
10000a8a:	003a      	movs	r2, r7
10000a8c:	4699      	mov	r9, r3
10000a8e:	697d      	ldr	r5, [r7, #20]
10000a90:	0073      	lsls	r3, r6, #1
10000a92:	199b      	adds	r3, r3, r6
10000a94:	2408      	movs	r4, #8
10000a96:	5f11      	ldrsh	r1, [r2, r4]
10000a98:	00db      	lsls	r3, r3, #3
10000a9a:	4648      	mov	r0, r9
10000a9c:	18eb      	adds	r3, r5, r3
10000a9e:	2900      	cmp	r1, #0
10000aa0:	db13      	blt.n	10000aca <alarm_pool_irq_handler+0x206>
10000aa2:	689c      	ldr	r4, [r3, #8]
10000aa4:	9300      	str	r3, [sp, #0]
10000aa6:	46a4      	mov	ip, r4
10000aa8:	68dc      	ldr	r4, [r3, #12]
10000aaa:	e006      	b.n	10000aba <alarm_pool_irq_handler+0x1f6>
10000aac:	42a3      	cmp	r3, r4
10000aae:	d040      	beq.n	10000b32 <alarm_pool_irq_handler+0x26e>
10000ab0:	2300      	movs	r3, #0
10000ab2:	5ef9      	ldrsh	r1, [r7, r3]
10000ab4:	0038      	movs	r0, r7
10000ab6:	2900      	cmp	r1, #0
10000ab8:	db06      	blt.n	10000ac8 <alarm_pool_irq_handler+0x204>
10000aba:	004f      	lsls	r7, r1, #1
10000abc:	187f      	adds	r7, r7, r1
10000abe:	00ff      	lsls	r7, r7, #3
10000ac0:	19ef      	adds	r7, r5, r7
10000ac2:	68fb      	ldr	r3, [r7, #12]
10000ac4:	42a3      	cmp	r3, r4
10000ac6:	ddf1      	ble.n	10000aac <alarm_pool_irq_handler+0x1e8>
10000ac8:	9b00      	ldr	r3, [sp, #0]
10000aca:	8006      	strh	r6, [r0, #0]
10000acc:	2000      	movs	r0, #0
10000ace:	5e1e      	ldrsh	r6, [r3, r0]
10000ad0:	8019      	strh	r1, [r3, #0]
10000ad2:	2e00      	cmp	r6, #0
10000ad4:	dadc      	bge.n	10000a90 <alarm_pool_irq_handler+0x1cc>
10000ad6:	0017      	movs	r7, r2
10000ad8:	79bb      	ldrb	r3, [r7, #6]
10000ada:	2b00      	cmp	r3, #0
10000adc:	d100      	bne.n	10000ae0 <alarm_pool_irq_handler+0x21c>
10000ade:	e719      	b.n	10000914 <alarm_pool_irq_handler+0x50>
10000ae0:	2300      	movs	r3, #0
10000ae2:	71bb      	strb	r3, [r7, #6]
10000ae4:	2308      	movs	r3, #8
10000ae6:	5ef9      	ldrsh	r1, [r7, r3]
10000ae8:	1c4b      	adds	r3, r1, #1
10000aea:	d100      	bne.n	10000aee <alarm_pool_irq_handler+0x22a>
10000aec:	e737      	b.n	1000095e <alarm_pool_irq_handler+0x9a>
10000aee:	003d      	movs	r5, r7
10000af0:	3508      	adds	r5, #8
10000af2:	46ac      	mov	ip, r5
10000af4:	697c      	ldr	r4, [r7, #20]
10000af6:	e003      	b.n	10000b00 <alarm_pool_irq_handler+0x23c>
10000af8:	4684      	mov	ip, r0
10000afa:	1c4b      	adds	r3, r1, #1
10000afc:	d100      	bne.n	10000b00 <alarm_pool_irq_handler+0x23c>
10000afe:	e709      	b.n	10000914 <alarm_pool_irq_handler+0x50>
10000b00:	004b      	lsls	r3, r1, #1
10000b02:	185b      	adds	r3, r3, r1
10000b04:	00db      	lsls	r3, r3, #3
10000b06:	18e0      	adds	r0, r4, r3
10000b08:	000a      	movs	r2, r1
10000b0a:	5ee1      	ldrsh	r1, [r4, r3]
10000b0c:	8843      	ldrh	r3, [r0, #2]
10000b0e:	b21b      	sxth	r3, r3
10000b10:	2b00      	cmp	r3, #0
10000b12:	daf1      	bge.n	10000af8 <alarm_pool_irq_handler+0x234>
10000b14:	2501      	movs	r5, #1
10000b16:	426d      	negs	r5, r5
10000b18:	17ee      	asrs	r6, r5, #31
10000b1a:	6085      	str	r5, [r0, #8]
10000b1c:	60c6      	str	r6, [r0, #12]
10000b1e:	2508      	movs	r5, #8
10000b20:	5f7b      	ldrsh	r3, [r7, r5]
10000b22:	4293      	cmp	r3, r2
10000b24:	d0e9      	beq.n	10000afa <alarm_pool_irq_handler+0x236>
10000b26:	4663      	mov	r3, ip
10000b28:	8019      	strh	r1, [r3, #0]
10000b2a:	893b      	ldrh	r3, [r7, #8]
10000b2c:	8003      	strh	r3, [r0, #0]
10000b2e:	813a      	strh	r2, [r7, #8]
10000b30:	e7e3      	b.n	10000afa <alarm_pool_irq_handler+0x236>
10000b32:	68bb      	ldr	r3, [r7, #8]
10000b34:	4563      	cmp	r3, ip
10000b36:	d9bb      	bls.n	10000ab0 <alarm_pool_irq_handler+0x1ec>
10000b38:	e7c6      	b.n	10000ac8 <alarm_pool_irq_handler+0x204>
10000b3a:	1c63      	adds	r3, r4, #1
10000b3c:	d000      	beq.n	10000b40 <alarm_pool_irq_handler+0x27c>
10000b3e:	e6f7      	b.n	10000930 <alarm_pool_irq_handler+0x6c>
10000b40:	e705      	b.n	1000094e <alarm_pool_irq_handler+0x8a>
10000b42:	4653      	mov	r3, sl
10000b44:	4650      	mov	r0, sl
10000b46:	691b      	ldr	r3, [r3, #16]
10000b48:	4798      	blx	r3
10000b4a:	2800      	cmp	r0, #0
10000b4c:	d123      	bne.n	10000b96 <alarm_pool_irq_handler+0x2d2>
10000b4e:	464b      	mov	r3, r9
10000b50:	881b      	ldrh	r3, [r3, #0]
10000b52:	693a      	ldr	r2, [r7, #16]
10000b54:	813b      	strh	r3, [r7, #8]
10000b56:	f3ef 8310 	mrs	r3, PRIMASK
10000b5a:	b672      	cpsid	i
10000b5c:	6811      	ldr	r1, [r2, #0]
10000b5e:	2900      	cmp	r1, #0
10000b60:	d0fc      	beq.n	10000b5c <alarm_pool_irq_handler+0x298>
10000b62:	f3bf 8f5f 	dmb	sy
10000b66:	4649      	mov	r1, r9
10000b68:	887a      	ldrh	r2, [r7, #2]
10000b6a:	800a      	strh	r2, [r1, #0]
10000b6c:	693a      	ldr	r2, [r7, #16]
10000b6e:	807e      	strh	r6, [r7, #2]
10000b70:	f3bf 8f5f 	dmb	sy
10000b74:	2100      	movs	r1, #0
10000b76:	6011      	str	r1, [r2, #0]
10000b78:	f383 8810 	msr	PRIMASK, r3
10000b7c:	e6c1      	b.n	10000902 <alarm_pool_irq_handler+0x3e>
10000b7e:	4284      	cmp	r4, r0
10000b80:	d800      	bhi.n	10000b84 <alarm_pool_irq_handler+0x2c0>
10000b82:	e705      	b.n	10000990 <alarm_pool_irq_handler+0xcc>
10000b84:	e6bd      	b.n	10000902 <alarm_pool_irq_handler+0x3e>
10000b86:	480b      	ldr	r0, [pc, #44]	@ (10000bb4 <alarm_pool_irq_handler+0x2f0>)
10000b88:	f000 f9ba 	bl	10000f00 <timer_time_us_64>
10000b8c:	9b00      	ldr	r3, [sp, #0]
10000b8e:	9c01      	ldr	r4, [sp, #4]
10000b90:	18c0      	adds	r0, r0, r3
10000b92:	4161      	adcs	r1, r4
10000b94:	e721      	b.n	100009da <alarm_pool_irq_handler+0x116>
10000b96:	4653      	mov	r3, sl
10000b98:	cb0c      	ldmia	r3, {r2, r3}
10000b9a:	9200      	str	r2, [sp, #0]
10000b9c:	9301      	str	r3, [sp, #4]
10000b9e:	e70d      	b.n	100009bc <alarm_pool_irq_handler+0xf8>
10000ba0:	4582      	cmp	sl, r0
10000ba2:	d800      	bhi.n	10000ba6 <alarm_pool_irq_handler+0x2e2>
10000ba4:	e747      	b.n	10000a36 <alarm_pool_irq_handler+0x172>
10000ba6:	e74c      	b.n	10000a42 <alarm_pool_irq_handler+0x17e>
10000ba8:	200006b4 	.word	0x200006b4
10000bac:	4005703c 	.word	0x4005703c
10000bb0:	100008c5 	.word	0x100008c5
10000bb4:	40054000 	.word	0x40054000

10000bb8 <runtime_init_default_alarm_pool>:
10000bb8:	b570      	push	{r4, r5, r6, lr}
10000bba:	4c2d      	ldr	r4, [pc, #180]	@ (10000c70 <runtime_init_default_alarm_pool+0xb8>)
10000bbc:	6925      	ldr	r5, [r4, #16]
10000bbe:	2d00      	cmp	r5, #0
10000bc0:	d004      	beq.n	10000bcc <runtime_init_default_alarm_pool+0x14>
10000bc2:	210a      	movs	r1, #10
10000bc4:	482b      	ldr	r0, [pc, #172]	@ (10000c74 <runtime_init_default_alarm_pool+0xbc>)
10000bc6:	f7ff fe35 	bl	10000834 <lock_init>
10000bca:	bd70      	pop	{r4, r5, r6, pc}
10000bcc:	4e2a      	ldr	r6, [pc, #168]	@ (10000c78 <runtime_init_default_alarm_pool+0xc0>)
10000bce:	2103      	movs	r1, #3
10000bd0:	4829      	ldr	r0, [pc, #164]	@ (10000c78 <runtime_init_default_alarm_pool+0xc0>)
10000bd2:	f000 f98b 	bl	10000eec <timer_hardware_alarm_claim>
10000bd6:	60e6      	str	r6, [r4, #12]
10000bd8:	f7ff fc7a 	bl	100004d0 <next_striped_spin_lock_num>
10000bdc:	4b27      	ldr	r3, [pc, #156]	@ (10000c7c <runtime_init_default_alarm_pool+0xc4>)
10000bde:	2203      	movs	r2, #3
10000be0:	18c0      	adds	r0, r0, r3
10000be2:	23d0      	movs	r3, #208	@ 0xd0
10000be4:	7022      	strb	r2, [r4, #0]
10000be6:	061b      	lsls	r3, r3, #24
10000be8:	681b      	ldr	r3, [r3, #0]
10000bea:	2101      	movs	r1, #1
10000bec:	7063      	strb	r3, [r4, #1]
10000bee:	4b24      	ldr	r3, [pc, #144]	@ (10000c80 <runtime_init_default_alarm_pool+0xc8>)
10000bf0:	0080      	lsls	r0, r0, #2
10000bf2:	60a3      	str	r3, [r4, #8]
10000bf4:	230f      	movs	r3, #15
10000bf6:	6120      	str	r0, [r4, #16]
10000bf8:	2002      	movs	r0, #2
10000bfa:	8063      	strh	r3, [r4, #2]
10000bfc:	6963      	ldr	r3, [r4, #20]
10000bfe:	4249      	negs	r1, r1
10000c00:	80a1      	strh	r1, [r4, #4]
10000c02:	8019      	strh	r1, [r3, #0]
10000c04:	3102      	adds	r1, #2
10000c06:	8619      	strh	r1, [r3, #48]	@ 0x30
10000c08:	3147      	adds	r1, #71	@ 0x47
10000c0a:	831d      	strh	r5, [r3, #24]
10000c0c:	5258      	strh	r0, [r3, r1]
10000c0e:	3118      	adds	r1, #24
10000c10:	525a      	strh	r2, [r3, r1]
10000c12:	3275      	adds	r2, #117	@ 0x75
10000c14:	395c      	subs	r1, #92	@ 0x5c
10000c16:	5299      	strh	r1, [r3, r2]
10000c18:	3218      	adds	r2, #24
10000c1a:	3101      	adds	r1, #1
10000c1c:	5299      	strh	r1, [r3, r2]
10000c1e:	3218      	adds	r2, #24
10000c20:	3101      	adds	r1, #1
10000c22:	5299      	strh	r1, [r3, r2]
10000c24:	3218      	adds	r2, #24
10000c26:	3101      	adds	r1, #1
10000c28:	5299      	strh	r1, [r3, r2]
10000c2a:	3508      	adds	r5, #8
10000c2c:	3218      	adds	r2, #24
10000c2e:	529d      	strh	r5, [r3, r2]
10000c30:	3102      	adds	r1, #2
10000c32:	3218      	adds	r2, #24
10000c34:	5299      	strh	r1, [r3, r2]
10000c36:	3218      	adds	r2, #24
10000c38:	3101      	adds	r1, #1
10000c3a:	5299      	strh	r1, [r3, r2]
10000c3c:	3218      	adds	r2, #24
10000c3e:	3101      	adds	r1, #1
10000c40:	5299      	strh	r1, [r3, r2]
10000c42:	3218      	adds	r2, #24
10000c44:	3101      	adds	r1, #1
10000c46:	5299      	strh	r1, [r3, r2]
10000c48:	3218      	adds	r2, #24
10000c4a:	3101      	adds	r1, #1
10000c4c:	5299      	strh	r1, [r3, r2]
10000c4e:	3218      	adds	r2, #24
10000c50:	3101      	adds	r1, #1
10000c52:	5299      	strh	r1, [r3, r2]
10000c54:	4b0b      	ldr	r3, [pc, #44]	@ (10000c84 <runtime_init_default_alarm_pool+0xcc>)
10000c56:	490c      	ldr	r1, [pc, #48]	@ (10000c88 <runtime_init_default_alarm_pool+0xd0>)
10000c58:	60dc      	str	r4, [r3, #12]
10000c5a:	3001      	adds	r0, #1
10000c5c:	6235      	str	r5, [r6, #32]
10000c5e:	f7ff fc87 	bl	10000570 <irq_set_exclusive_handler>
10000c62:	2101      	movs	r1, #1
10000c64:	2003      	movs	r0, #3
10000c66:	f7ff fc71 	bl	1000054c <irq_set_enabled>
10000c6a:	4b08      	ldr	r3, [pc, #32]	@ (10000c8c <runtime_init_default_alarm_pool+0xd4>)
10000c6c:	601d      	str	r5, [r3, #0]
10000c6e:	e7a8      	b.n	10000bc2 <runtime_init_default_alarm_pool+0xa>
10000c70:	20000290 	.word	0x20000290
10000c74:	20000ac8 	.word	0x20000ac8
10000c78:	40054000 	.word	0x40054000
10000c7c:	34000040 	.word	0x34000040
10000c80:	0010ffff 	.word	0x0010ffff
10000c84:	200006b4 	.word	0x200006b4
10000c88:	100008c5 	.word	0x100008c5
10000c8c:	40056038 	.word	0x40056038

10000c90 <alarm_pool_add_alarm_at_force_in_context>:
10000c90:	b570      	push	{r4, r5, r6, lr}
10000c92:	b082      	sub	sp, #8
10000c94:	9200      	str	r2, [sp, #0]
10000c96:	9301      	str	r3, [sp, #4]
10000c98:	0001      	movs	r1, r0
10000c9a:	6902      	ldr	r2, [r0, #16]
10000c9c:	f3ef 8410 	mrs	r4, PRIMASK
10000ca0:	b672      	cpsid	i
10000ca2:	6813      	ldr	r3, [r2, #0]
10000ca4:	2b00      	cmp	r3, #0
10000ca6:	d0fc      	beq.n	10000ca2 <alarm_pool_add_alarm_at_force_in_context+0x12>
10000ca8:	f3bf 8f5f 	dmb	sy
10000cac:	2302      	movs	r3, #2
10000cae:	5ec8      	ldrsh	r0, [r1, r3]
10000cb0:	690d      	ldr	r5, [r1, #16]
10000cb2:	2800      	cmp	r0, #0
10000cb4:	db3f      	blt.n	10000d36 <alarm_pool_add_alarm_at_force_in_context+0xa6>
10000cb6:	694a      	ldr	r2, [r1, #20]
10000cb8:	0043      	lsls	r3, r0, #1
10000cba:	0016      	movs	r6, r2
10000cbc:	181b      	adds	r3, r3, r0
10000cbe:	00db      	lsls	r3, r3, #3
10000cc0:	18d2      	adds	r2, r2, r3
10000cc2:	5af3      	ldrh	r3, [r6, r3]
10000cc4:	804b      	strh	r3, [r1, #2]
10000cc6:	f3bf 8f5f 	dmb	sy
10000cca:	2300      	movs	r3, #0
10000ccc:	602b      	str	r3, [r5, #0]
10000cce:	f384 8810 	msr	PRIMASK, r4
10000cd2:	9b06      	ldr	r3, [sp, #24]
10000cd4:	6113      	str	r3, [r2, #16]
10000cd6:	9b07      	ldr	r3, [sp, #28]
10000cd8:	6153      	str	r3, [r2, #20]
10000cda:	9b00      	ldr	r3, [sp, #0]
10000cdc:	9c01      	ldr	r4, [sp, #4]
10000cde:	6093      	str	r3, [r2, #8]
10000ce0:	60d4      	str	r4, [r2, #12]
10000ce2:	8853      	ldrh	r3, [r2, #2]
10000ce4:	3301      	adds	r3, #1
10000ce6:	045b      	lsls	r3, r3, #17
10000ce8:	0c5b      	lsrs	r3, r3, #17
10000cea:	1c1d      	adds	r5, r3, #0
10000cec:	2b00      	cmp	r3, #0
10000cee:	d020      	beq.n	10000d32 <alarm_pool_add_alarm_at_force_in_context+0xa2>
10000cf0:	b2ac      	uxth	r4, r5
10000cf2:	0403      	lsls	r3, r0, #16
10000cf4:	8055      	strh	r5, [r2, #2]
10000cf6:	4323      	orrs	r3, r4
10000cf8:	690d      	ldr	r5, [r1, #16]
10000cfa:	f3ef 8c10 	mrs	ip, PRIMASK
10000cfe:	b672      	cpsid	i
10000d00:	682c      	ldr	r4, [r5, #0]
10000d02:	2c00      	cmp	r4, #0
10000d04:	d0fc      	beq.n	10000d00 <alarm_pool_add_alarm_at_force_in_context+0x70>
10000d06:	f3bf 8f5f 	dmb	sy
10000d0a:	888c      	ldrh	r4, [r1, #4]
10000d0c:	8014      	strh	r4, [r2, #0]
10000d0e:	8088      	strh	r0, [r1, #4]
10000d10:	690a      	ldr	r2, [r1, #16]
10000d12:	f3bf 8f5f 	dmb	sy
10000d16:	2000      	movs	r0, #0
10000d18:	6010      	str	r0, [r2, #0]
10000d1a:	f38c 8810 	msr	PRIMASK, ip
10000d1e:	780a      	ldrb	r2, [r1, #0]
10000d20:	3001      	adds	r0, #1
10000d22:	4090      	lsls	r0, r2
10000d24:	68ca      	ldr	r2, [r1, #12]
10000d26:	4908      	ldr	r1, [pc, #32]	@ (10000d48 <alarm_pool_add_alarm_at_force_in_context+0xb8>)
10000d28:	1852      	adds	r2, r2, r1
10000d2a:	6010      	str	r0, [r2, #0]
10000d2c:	0018      	movs	r0, r3
10000d2e:	b002      	add	sp, #8
10000d30:	bd70      	pop	{r4, r5, r6, pc}
10000d32:	2501      	movs	r5, #1
10000d34:	e7dc      	b.n	10000cf0 <alarm_pool_add_alarm_at_force_in_context+0x60>
10000d36:	f3bf 8f5f 	dmb	sy
10000d3a:	2300      	movs	r3, #0
10000d3c:	602b      	str	r3, [r5, #0]
10000d3e:	f384 8810 	msr	PRIMASK, r4
10000d42:	3b01      	subs	r3, #1
10000d44:	e7f2      	b.n	10000d2c <alarm_pool_add_alarm_at_force_in_context+0x9c>
10000d46:	46c0      	nop			@ (mov r8, r8)
10000d48:	0000203c 	.word	0x0000203c

10000d4c <alarm_pool_cancel_alarm>:
10000d4c:	b510      	push	{r4, lr}
10000d4e:	8943      	ldrh	r3, [r0, #10]
10000d50:	140a      	asrs	r2, r1, #16
10000d52:	4293      	cmp	r3, r2
10000d54:	dd1a      	ble.n	10000d8c <alarm_pool_cancel_alarm+0x40>
10000d56:	0053      	lsls	r3, r2, #1
10000d58:	189b      	adds	r3, r3, r2
10000d5a:	6942      	ldr	r2, [r0, #20]
10000d5c:	00db      	lsls	r3, r3, #3
10000d5e:	18d3      	adds	r3, r2, r3
10000d60:	6904      	ldr	r4, [r0, #16]
10000d62:	f3ef 8c10 	mrs	ip, PRIMASK
10000d66:	b672      	cpsid	i
10000d68:	6822      	ldr	r2, [r4, #0]
10000d6a:	2a00      	cmp	r2, #0
10000d6c:	d0fc      	beq.n	10000d68 <alarm_pool_cancel_alarm+0x1c>
10000d6e:	f3bf 8f5f 	dmb	sy
10000d72:	885a      	ldrh	r2, [r3, #2]
10000d74:	0409      	lsls	r1, r1, #16
10000d76:	b294      	uxth	r4, r2
10000d78:	0c09      	lsrs	r1, r1, #16
10000d7a:	428a      	cmp	r2, r1
10000d7c:	d008      	beq.n	10000d90 <alarm_pool_cancel_alarm+0x44>
10000d7e:	6903      	ldr	r3, [r0, #16]
10000d80:	f3bf 8f5f 	dmb	sy
10000d84:	2200      	movs	r2, #0
10000d86:	601a      	str	r2, [r3, #0]
10000d88:	f38c 8810 	msr	PRIMASK, ip
10000d8c:	2000      	movs	r0, #0
10000d8e:	bd10      	pop	{r4, pc}
10000d90:	4a09      	ldr	r2, [pc, #36]	@ (10000db8 <alarm_pool_cancel_alarm+0x6c>)
10000d92:	4322      	orrs	r2, r4
10000d94:	805a      	strh	r2, [r3, #2]
10000d96:	2301      	movs	r3, #1
10000d98:	6902      	ldr	r2, [r0, #16]
10000d9a:	7183      	strb	r3, [r0, #6]
10000d9c:	f3bf 8f5f 	dmb	sy
10000da0:	2100      	movs	r1, #0
10000da2:	6011      	str	r1, [r2, #0]
10000da4:	f38c 8810 	msr	PRIMASK, ip
10000da8:	7802      	ldrb	r2, [r0, #0]
10000daa:	4904      	ldr	r1, [pc, #16]	@ (10000dbc <alarm_pool_cancel_alarm+0x70>)
10000dac:	4093      	lsls	r3, r2
10000dae:	68c2      	ldr	r2, [r0, #12]
10000db0:	2001      	movs	r0, #1
10000db2:	1852      	adds	r2, r2, r1
10000db4:	6013      	str	r3, [r2, #0]
10000db6:	e7ea      	b.n	10000d8e <alarm_pool_cancel_alarm+0x42>
10000db8:	ffff8000 	.word	0xffff8000
10000dbc:	0000203c 	.word	0x0000203c

10000dc0 <best_effort_wfe_or_timeout>:
10000dc0:	b5f0      	push	{r4, r5, r6, r7, lr}
10000dc2:	46ce      	mov	lr, r9
10000dc4:	4647      	mov	r7, r8
10000dc6:	b580      	push	{r7, lr}
10000dc8:	0004      	movs	r4, r0
10000dca:	000d      	movs	r5, r1
10000dcc:	b085      	sub	sp, #20
10000dce:	f3ef 8305 	mrs	r3, IPSR
10000dd2:	4689      	mov	r9, r1
10000dd4:	2b00      	cmp	r3, #0
10000dd6:	d132      	bne.n	10000e3e <best_effort_wfe_or_timeout+0x7e>
10000dd8:	4e40      	ldr	r6, [pc, #256]	@ (10000edc <best_effort_wfe_or_timeout+0x11c>)
10000dda:	6833      	ldr	r3, [r6, #0]
10000ddc:	4283      	cmp	r3, r0
10000dde:	d02a      	beq.n	10000e36 <best_effort_wfe_or_timeout+0x76>
10000de0:	4f3f      	ldr	r7, [pc, #252]	@ (10000ee0 <best_effort_wfe_or_timeout+0x120>)
10000de2:	68fb      	ldr	r3, [r7, #12]
10000de4:	783a      	ldrb	r2, [r7, #0]
10000de6:	4698      	mov	r8, r3
10000de8:	0018      	movs	r0, r3
10000dea:	9203      	str	r2, [sp, #12]
10000dec:	f000 f888 	bl	10000f00 <timer_time_us_64>
10000df0:	9a03      	ldr	r2, [sp, #12]
10000df2:	1d13      	adds	r3, r2, #4
10000df4:	4642      	mov	r2, r8
10000df6:	009b      	lsls	r3, r3, #2
10000df8:	589b      	ldr	r3, [r3, r2]
10000dfa:	0022      	movs	r2, r4
10000dfc:	1a1b      	subs	r3, r3, r0
10000dfe:	469c      	mov	ip, r3
10000e00:	002b      	movs	r3, r5
10000e02:	1a12      	subs	r2, r2, r0
10000e04:	418b      	sbcs	r3, r1
10000e06:	0019      	movs	r1, r3
10000e08:	2300      	movs	r3, #0
10000e0a:	0010      	movs	r0, r2
10000e0c:	428b      	cmp	r3, r1
10000e0e:	dc25      	bgt.n	10000e5c <best_effort_wfe_or_timeout+0x9c>
10000e10:	d022      	beq.n	10000e58 <best_effort_wfe_or_timeout+0x98>
10000e12:	bf20      	wfe
10000e14:	4b33      	ldr	r3, [pc, #204]	@ (10000ee4 <best_effort_wfe_or_timeout+0x124>)
10000e16:	6a58      	ldr	r0, [r3, #36]	@ 0x24
10000e18:	4548      	cmp	r0, r9
10000e1a:	d32b      	bcc.n	10000e74 <best_effort_wfe_or_timeout+0xb4>
10000e1c:	1b40      	subs	r0, r0, r5
10000e1e:	6a9a      	ldr	r2, [r3, #40]	@ 0x28
10000e20:	1e43      	subs	r3, r0, #1
10000e22:	4198      	sbcs	r0, r3
10000e24:	2300      	movs	r3, #0
10000e26:	42a2      	cmp	r2, r4
10000e28:	415b      	adcs	r3, r3
10000e2a:	4318      	orrs	r0, r3
10000e2c:	b005      	add	sp, #20
10000e2e:	bcc0      	pop	{r6, r7}
10000e30:	46b9      	mov	r9, r7
10000e32:	46b0      	mov	r8, r6
10000e34:	bdf0      	pop	{r4, r5, r6, r7, pc}
10000e36:	6873      	ldr	r3, [r6, #4]
10000e38:	428b      	cmp	r3, r1
10000e3a:	d1d1      	bne.n	10000de0 <best_effort_wfe_or_timeout+0x20>
10000e3c:	e7e9      	b.n	10000e12 <best_effort_wfe_or_timeout+0x52>
10000e3e:	4929      	ldr	r1, [pc, #164]	@ (10000ee4 <best_effort_wfe_or_timeout+0x124>)
10000e40:	2000      	movs	r0, #0
10000e42:	6a4b      	ldr	r3, [r1, #36]	@ 0x24
10000e44:	42ab      	cmp	r3, r5
10000e46:	d3f1      	bcc.n	10000e2c <best_effort_wfe_or_timeout+0x6c>
10000e48:	6a8a      	ldr	r2, [r1, #40]	@ 0x28
10000e4a:	1b5b      	subs	r3, r3, r5
10000e4c:	1e59      	subs	r1, r3, #1
10000e4e:	418b      	sbcs	r3, r1
10000e50:	42a2      	cmp	r2, r4
10000e52:	4140      	adcs	r0, r0
10000e54:	4318      	orrs	r0, r3
10000e56:	e7e9      	b.n	10000e2c <best_effort_wfe_or_timeout+0x6c>
10000e58:	4584      	cmp	ip, r0
10000e5a:	d9da      	bls.n	10000e12 <best_effort_wfe_or_timeout+0x52>
10000e5c:	f000 f858 	bl	10000f10 <time_us_64>
10000e60:	0022      	movs	r2, r4
10000e62:	002b      	movs	r3, r5
10000e64:	1a12      	subs	r2, r2, r0
10000e66:	418b      	sbcs	r3, r1
10000e68:	2b00      	cmp	r3, #0
10000e6a:	da05      	bge.n	10000e78 <best_effort_wfe_or_timeout+0xb8>
10000e6c:	4a1d      	ldr	r2, [pc, #116]	@ (10000ee4 <best_effort_wfe_or_timeout+0x124>)
10000e6e:	6a53      	ldr	r3, [r2, #36]	@ 0x24
10000e70:	454b      	cmp	r3, r9
10000e72:	d229      	bcs.n	10000ec8 <best_effort_wfe_or_timeout+0x108>
10000e74:	2000      	movs	r0, #0
10000e76:	e7d9      	b.n	10000e2c <best_effort_wfe_or_timeout+0x6c>
10000e78:	2300      	movs	r3, #0
10000e7a:	9301      	str	r3, [sp, #4]
10000e7c:	4b1a      	ldr	r3, [pc, #104]	@ (10000ee8 <best_effort_wfe_or_timeout+0x128>)
10000e7e:	0022      	movs	r2, r4
10000e80:	9300      	str	r3, [sp, #0]
10000e82:	0038      	movs	r0, r7
10000e84:	002b      	movs	r3, r5
10000e86:	f7ff ff03 	bl	10000c90 <alarm_pool_add_alarm_at_force_in_context>
10000e8a:	2800      	cmp	r0, #0
10000e8c:	ddee      	ble.n	10000e6c <best_effort_wfe_or_timeout+0xac>
10000e8e:	4b15      	ldr	r3, [pc, #84]	@ (10000ee4 <best_effort_wfe_or_timeout+0x124>)
10000e90:	c630      	stmia	r6!, {r4, r5}
10000e92:	6a5a      	ldr	r2, [r3, #36]	@ 0x24
10000e94:	454a      	cmp	r2, r9
10000e96:	d315      	bcc.n	10000ec4 <best_effort_wfe_or_timeout+0x104>
10000e98:	6a9b      	ldr	r3, [r3, #40]	@ 0x28
10000e9a:	42a3      	cmp	r3, r4
10000e9c:	d310      	bcc.n	10000ec0 <best_effort_wfe_or_timeout+0x100>
10000e9e:	0001      	movs	r1, r0
10000ea0:	0038      	movs	r0, r7
10000ea2:	f7ff ff53 	bl	10000d4c <alarm_pool_cancel_alarm>
10000ea6:	4a0f      	ldr	r2, [pc, #60]	@ (10000ee4 <best_effort_wfe_or_timeout+0x124>)
10000ea8:	2000      	movs	r0, #0
10000eaa:	6a53      	ldr	r3, [r2, #36]	@ 0x24
10000eac:	454b      	cmp	r3, r9
10000eae:	d3bd      	bcc.n	10000e2c <best_effort_wfe_or_timeout+0x6c>
10000eb0:	6a92      	ldr	r2, [r2, #40]	@ 0x28
10000eb2:	1b5b      	subs	r3, r3, r5
10000eb4:	1e59      	subs	r1, r3, #1
10000eb6:	418b      	sbcs	r3, r1
10000eb8:	42a2      	cmp	r2, r4
10000eba:	4140      	adcs	r0, r0
10000ebc:	4318      	orrs	r0, r3
10000ebe:	e7b5      	b.n	10000e2c <best_effort_wfe_or_timeout+0x6c>
10000ec0:	454a      	cmp	r2, r9
10000ec2:	d1ec      	bne.n	10000e9e <best_effort_wfe_or_timeout+0xde>
10000ec4:	bf20      	wfe
10000ec6:	e7ea      	b.n	10000e9e <best_effort_wfe_or_timeout+0xde>
10000ec8:	2000      	movs	r0, #0
10000eca:	6a92      	ldr	r2, [r2, #40]	@ 0x28
10000ecc:	1b5b      	subs	r3, r3, r5
10000ece:	42a2      	cmp	r2, r4
10000ed0:	4140      	adcs	r0, r0
10000ed2:	1e5a      	subs	r2, r3, #1
10000ed4:	4193      	sbcs	r3, r2
10000ed6:	4318      	orrs	r0, r3
10000ed8:	e7a8      	b.n	10000e2c <best_effort_wfe_or_timeout+0x6c>
10000eda:	46c0      	nop			@ (mov r8, r8)
10000edc:	20000288 	.word	0x20000288
10000ee0:	20000290 	.word	0x20000290
10000ee4:	40054000 	.word	0x40054000
10000ee8:	10000895 	.word	0x10000895

10000eec <timer_hardware_alarm_claim>:
10000eec:	b510      	push	{r4, lr}
10000eee:	4a02      	ldr	r2, [pc, #8]	@ (10000ef8 <timer_hardware_alarm_claim+0xc>)
10000ef0:	4802      	ldr	r0, [pc, #8]	@ (10000efc <timer_hardware_alarm_claim+0x10>)
10000ef2:	f7ff fac5 	bl	10000480 <hw_claim_or_assert>
10000ef6:	bd10      	pop	{r4, pc}
10000ef8:	10002e3c 	.word	0x10002e3c
10000efc:	20000678 	.word	0x20000678

10000f00 <timer_time_us_64>:
10000f00:	0003      	movs	r3, r0
10000f02:	6a41      	ldr	r1, [r0, #36]	@ 0x24
10000f04:	000a      	movs	r2, r1
10000f06:	6a98      	ldr	r0, [r3, #40]	@ 0x28
10000f08:	6a59      	ldr	r1, [r3, #36]	@ 0x24
10000f0a:	428a      	cmp	r2, r1
10000f0c:	d1fa      	bne.n	10000f04 <timer_time_us_64+0x4>
10000f0e:	4770      	bx	lr

10000f10 <time_us_64>:
10000f10:	4b03      	ldr	r3, [pc, #12]	@ (10000f20 <time_us_64+0x10>)
10000f12:	6a59      	ldr	r1, [r3, #36]	@ 0x24
10000f14:	000a      	movs	r2, r1
10000f16:	6a98      	ldr	r0, [r3, #40]	@ 0x28
10000f18:	6a59      	ldr	r1, [r3, #36]	@ 0x24
10000f1a:	4291      	cmp	r1, r2
10000f1c:	d1fa      	bne.n	10000f14 <time_us_64+0x4>
10000f1e:	4770      	bx	lr
10000f20:	40054000 	.word	0x40054000

10000f24 <busy_wait_us>:
10000f24:	b570      	push	{r4, r5, r6, lr}
10000f26:	0005      	movs	r5, r0
10000f28:	000e      	movs	r6, r1
10000f2a:	4a18      	ldr	r2, [pc, #96]	@ (10000f8c <busy_wait_us+0x68>)
10000f2c:	6a53      	ldr	r3, [r2, #36]	@ 0x24
10000f2e:	0019      	movs	r1, r3
10000f30:	6a94      	ldr	r4, [r2, #40]	@ 0x28
10000f32:	6a53      	ldr	r3, [r2, #36]	@ 0x24
10000f34:	428b      	cmp	r3, r1
10000f36:	d1fa      	bne.n	10000f2e <busy_wait_us+0xa>
10000f38:	0020      	movs	r0, r4
10000f3a:	0019      	movs	r1, r3
10000f3c:	002c      	movs	r4, r5
10000f3e:	0035      	movs	r5, r6
10000f40:	1824      	adds	r4, r4, r0
10000f42:	414d      	adcs	r5, r1
10000f44:	42ab      	cmp	r3, r5
10000f46:	d816      	bhi.n	10000f76 <busy_wait_us+0x52>
10000f48:	d013      	beq.n	10000f72 <busy_wait_us+0x4e>
10000f4a:	4b10      	ldr	r3, [pc, #64]	@ (10000f8c <busy_wait_us+0x68>)
10000f4c:	002a      	movs	r2, r5
10000f4e:	6a5b      	ldr	r3, [r3, #36]	@ 0x24
10000f50:	429d      	cmp	r5, r3
10000f52:	d903      	bls.n	10000f5c <busy_wait_us+0x38>
10000f54:	490d      	ldr	r1, [pc, #52]	@ (10000f8c <busy_wait_us+0x68>)
10000f56:	6a4b      	ldr	r3, [r1, #36]	@ 0x24
10000f58:	4293      	cmp	r3, r2
10000f5a:	d3fc      	bcc.n	10000f56 <busy_wait_us+0x32>
10000f5c:	4293      	cmp	r3, r2
10000f5e:	d107      	bne.n	10000f70 <busy_wait_us+0x4c>
10000f60:	4a0a      	ldr	r2, [pc, #40]	@ (10000f8c <busy_wait_us+0x68>)
10000f62:	e002      	b.n	10000f6a <busy_wait_us+0x46>
10000f64:	6a51      	ldr	r1, [r2, #36]	@ 0x24
10000f66:	4299      	cmp	r1, r3
10000f68:	d102      	bne.n	10000f70 <busy_wait_us+0x4c>
10000f6a:	6a91      	ldr	r1, [r2, #40]	@ 0x28
10000f6c:	42a1      	cmp	r1, r4
10000f6e:	d3f9      	bcc.n	10000f64 <busy_wait_us+0x40>
10000f70:	bd70      	pop	{r4, r5, r6, pc}
10000f72:	42a0      	cmp	r0, r4
10000f74:	d9e9      	bls.n	10000f4a <busy_wait_us+0x26>
10000f76:	4b05      	ldr	r3, [pc, #20]	@ (10000f8c <busy_wait_us+0x68>)
10000f78:	6a5b      	ldr	r3, [r3, #36]	@ 0x24
10000f7a:	001c      	movs	r4, r3
10000f7c:	1c5a      	adds	r2, r3, #1
10000f7e:	d0ef      	beq.n	10000f60 <busy_wait_us+0x3c>
10000f80:	2201      	movs	r2, #1
10000f82:	2401      	movs	r4, #1
10000f84:	4264      	negs	r4, r4
10000f86:	17e5      	asrs	r5, r4, #31
10000f88:	4252      	negs	r2, r2
10000f8a:	e7e3      	b.n	10000f54 <busy_wait_us+0x30>
10000f8c:	40054000 	.word	0x40054000

10000f90 <uart_init>:
10000f90:	b5f8      	push	{r3, r4, r5, r6, r7, lr}
10000f92:	0004      	movs	r4, r0
10000f94:	2006      	movs	r0, #6
10000f96:	000d      	movs	r5, r1
10000f98:	f000 f96e 	bl	10001278 <clock_get_hz>
10000f9c:	2800      	cmp	r0, #0
10000f9e:	d043      	beq.n	10001028 <uart_init+0x98>
10000fa0:	4b36      	ldr	r3, [pc, #216]	@ (1000107c <uart_init+0xec>)
10000fa2:	4937      	ldr	r1, [pc, #220]	@ (10001080 <uart_init+0xf0>)
10000fa4:	18e3      	adds	r3, r4, r3
10000fa6:	1e5a      	subs	r2, r3, #1
10000fa8:	4193      	sbcs	r3, r2
10000faa:	2280      	movs	r2, #128	@ 0x80
10000fac:	425b      	negs	r3, r3
10000fae:	0d9b      	lsrs	r3, r3, #22
10000fb0:	0412      	lsls	r2, r2, #16
10000fb2:	059b      	lsls	r3, r3, #22
10000fb4:	189b      	adds	r3, r3, r2
10000fb6:	4a33      	ldr	r2, [pc, #204]	@ (10001084 <uart_init+0xf4>)
10000fb8:	6013      	str	r3, [r2, #0]
10000fba:	4a33      	ldr	r2, [pc, #204]	@ (10001088 <uart_init+0xf8>)
10000fbc:	6013      	str	r3, [r2, #0]
10000fbe:	0018      	movs	r0, r3
10000fc0:	680a      	ldr	r2, [r1, #0]
10000fc2:	4390      	bics	r0, r2
10000fc4:	d1fb      	bne.n	10000fbe <uart_init+0x2e>
10000fc6:	4b2d      	ldr	r3, [pc, #180]	@ (1000107c <uart_init+0xec>)
10000fc8:	4a30      	ldr	r2, [pc, #192]	@ (1000108c <uart_init+0xfc>)
10000fca:	18e3      	adds	r3, r4, r3
10000fcc:	4259      	negs	r1, r3
10000fce:	414b      	adcs	r3, r1
10000fd0:	2180      	movs	r1, #128	@ 0x80
10000fd2:	005b      	lsls	r3, r3, #1
10000fd4:	0049      	lsls	r1, r1, #1
10000fd6:	2006      	movs	r0, #6
10000fd8:	5299      	strh	r1, [r3, r2]
10000fda:	f000 f94d 	bl	10001278 <clock_get_hz>
10000fde:	0029      	movs	r1, r5
10000fe0:	00c0      	lsls	r0, r0, #3
10000fe2:	f000 fb33 	bl	1000164c <__wrap___aeabi_uidiv>
10000fe6:	3001      	adds	r0, #1
10000fe8:	09c3      	lsrs	r3, r0, #7
10000fea:	d11e      	bne.n	1000102a <uart_init+0x9a>
10000fec:	2740      	movs	r7, #64	@ 0x40
10000fee:	2201      	movs	r2, #1
10000ff0:	6262      	str	r2, [r4, #36]	@ 0x24
10000ff2:	62a3      	str	r3, [r4, #40]	@ 0x28
10000ff4:	6b26      	ldr	r6, [r4, #48]	@ 0x30
10000ff6:	07f3      	lsls	r3, r6, #31
10000ff8:	d422      	bmi.n	10001040 <uart_init+0xb0>
10000ffa:	6ae3      	ldr	r3, [r4, #44]	@ 0x2c
10000ffc:	4b24      	ldr	r3, [pc, #144]	@ (10001090 <uart_init+0x100>)
10000ffe:	2006      	movs	r0, #6
10001000:	18e5      	adds	r5, r4, r3
10001002:	2300      	movs	r3, #0
10001004:	602b      	str	r3, [r5, #0]
10001006:	6326      	str	r6, [r4, #48]	@ 0x30
10001008:	f000 f936 	bl	10001278 <clock_get_hz>
1000100c:	0039      	movs	r1, r7
1000100e:	0080      	lsls	r0, r0, #2
10001010:	f000 fb1c 	bl	1000164c <__wrap___aeabi_uidiv>
10001014:	2370      	movs	r3, #112	@ 0x70
10001016:	6ae2      	ldr	r2, [r4, #44]	@ 0x2c
10001018:	405a      	eors	r2, r3
1000101a:	330e      	adds	r3, #14
1000101c:	4013      	ands	r3, r2
1000101e:	602b      	str	r3, [r5, #0]
10001020:	4b1c      	ldr	r3, [pc, #112]	@ (10001094 <uart_init+0x104>)
10001022:	6323      	str	r3, [r4, #48]	@ 0x30
10001024:	2303      	movs	r3, #3
10001026:	64a3      	str	r3, [r4, #72]	@ 0x48
10001028:	bdf8      	pop	{r3, r4, r5, r6, r7, pc}
1000102a:	4a1b      	ldr	r2, [pc, #108]	@ (10001098 <uart_init+0x108>)
1000102c:	4293      	cmp	r3, r2
1000102e:	d91d      	bls.n	1000106c <uart_init+0xdc>
10001030:	2300      	movs	r3, #0
10001032:	4a1a      	ldr	r2, [pc, #104]	@ (1000109c <uart_init+0x10c>)
10001034:	4f1a      	ldr	r7, [pc, #104]	@ (100010a0 <uart_init+0x110>)
10001036:	6262      	str	r2, [r4, #36]	@ 0x24
10001038:	62a3      	str	r3, [r4, #40]	@ 0x28
1000103a:	6b26      	ldr	r6, [r4, #48]	@ 0x30
1000103c:	07f3      	lsls	r3, r6, #31
1000103e:	d5dc      	bpl.n	10000ffa <uart_init+0x6a>
10001040:	4b18      	ldr	r3, [pc, #96]	@ (100010a4 <uart_init+0x114>)
10001042:	4a14      	ldr	r2, [pc, #80]	@ (10001094 <uart_init+0x104>)
10001044:	18e3      	adds	r3, r4, r3
10001046:	601a      	str	r2, [r3, #0]
10001048:	6a65      	ldr	r5, [r4, #36]	@ 0x24
1000104a:	6aa3      	ldr	r3, [r4, #40]	@ 0x28
1000104c:	2006      	movs	r0, #6
1000104e:	01ad      	lsls	r5, r5, #6
10001050:	18ed      	adds	r5, r5, r3
10001052:	f000 f911 	bl	10001278 <clock_get_hz>
10001056:	4914      	ldr	r1, [pc, #80]	@ (100010a8 <uart_init+0x118>)
10001058:	f000 faf8 	bl	1000164c <__wrap___aeabi_uidiv>
1000105c:	0001      	movs	r1, r0
1000105e:	02a8      	lsls	r0, r5, #10
10001060:	f000 faf4 	bl	1000164c <__wrap___aeabi_uidiv>
10001064:	2100      	movs	r1, #0
10001066:	f7ff ff5d 	bl	10000f24 <busy_wait_us>
1000106a:	e7c6      	b.n	10000ffa <uart_init+0x6a>
1000106c:	0640      	lsls	r0, r0, #25
1000106e:	019a      	lsls	r2, r3, #6
10001070:	0e80      	lsrs	r0, r0, #26
10001072:	1817      	adds	r7, r2, r0
10001074:	001a      	movs	r2, r3
10001076:	0003      	movs	r3, r0
10001078:	e7ba      	b.n	10000ff0 <uart_init+0x60>
1000107a:	46c0      	nop			@ (mov r8, r8)
1000107c:	bffc8000 	.word	0xbffc8000
10001080:	4000c008 	.word	0x4000c008
10001084:	4000e000 	.word	0x4000e000
10001088:	4000f000 	.word	0x4000f000
1000108c:	20000acc 	.word	0x20000acc
10001090:	0000102c 	.word	0x0000102c
10001094:	00000301 	.word	0x00000301
10001098:	0000fffe 	.word	0x0000fffe
1000109c:	0000ffff 	.word	0x0000ffff
100010a0:	003fffc0 	.word	0x003fffc0
100010a4:	00003030 	.word	0x00003030
100010a8:	00000e4e 	.word	0x00000e4e

100010ac <clock_configure_int_divider>:
100010ac:	b5f8      	push	{r3, r4, r5, r6, r7, lr}
100010ae:	46de      	mov	lr, fp
100010b0:	464e      	mov	r6, r9
100010b2:	4645      	mov	r5, r8
100010b4:	4657      	mov	r7, sl
100010b6:	b5e0      	push	{r5, r6, r7, lr}
100010b8:	0005      	movs	r5, r0
100010ba:	468b      	mov	fp, r1
100010bc:	0018      	movs	r0, r3
100010be:	990a      	ldr	r1, [sp, #40]	@ 0x28
100010c0:	4691      	mov	r9, r2
100010c2:	f000 fac3 	bl	1000164c <__wrap___aeabi_uidiv>
100010c6:	9b0a      	ldr	r3, [sp, #40]	@ 0x28
100010c8:	006c      	lsls	r4, r5, #1
100010ca:	021e      	lsls	r6, r3, #8
100010cc:	1964      	adds	r4, r4, r5
100010ce:	4b30      	ldr	r3, [pc, #192]	@ (10001190 <clock_configure_int_divider+0xe4>)
100010d0:	00a4      	lsls	r4, r4, #2
100010d2:	18e4      	adds	r4, r4, r3
100010d4:	6863      	ldr	r3, [r4, #4]
100010d6:	4680      	mov	r8, r0
100010d8:	429e      	cmp	r6, r3
100010da:	d900      	bls.n	100010de <clock_configure_int_divider+0x32>
100010dc:	6066      	str	r6, [r4, #4]
100010de:	1f2f      	subs	r7, r5, #4
100010e0:	b2fb      	uxtb	r3, r7
100010e2:	469a      	mov	sl, r3
100010e4:	2b01      	cmp	r3, #1
100010e6:	d92f      	bls.n	10001148 <clock_configure_int_divider+0x9c>
100010e8:	23c0      	movs	r3, #192	@ 0xc0
100010ea:	2280      	movs	r2, #128	@ 0x80
100010ec:	4f29      	ldr	r7, [pc, #164]	@ (10001194 <clock_configure_int_divider+0xe8>)
100010ee:	00ad      	lsls	r5, r5, #2
100010f0:	019b      	lsls	r3, r3, #6
100010f2:	5979      	ldr	r1, [r7, r5]
100010f4:	0112      	lsls	r2, r2, #4
100010f6:	18e3      	adds	r3, r4, r3
100010f8:	601a      	str	r2, [r3, #0]
100010fa:	2900      	cmp	r1, #0
100010fc:	d11b      	bne.n	10001136 <clock_configure_int_divider+0x8a>
100010fe:	464b      	mov	r3, r9
10001100:	6822      	ldr	r2, [r4, #0]
10001102:	015b      	lsls	r3, r3, #5
10001104:	4053      	eors	r3, r2
10001106:	22e0      	movs	r2, #224	@ 0xe0
10001108:	4013      	ands	r3, r2
1000110a:	2280      	movs	r2, #128	@ 0x80
1000110c:	0152      	lsls	r2, r2, #5
1000110e:	18a2      	adds	r2, r4, r2
10001110:	6013      	str	r3, [r2, #0]
10001112:	4653      	mov	r3, sl
10001114:	2b01      	cmp	r3, #1
10001116:	d92f      	bls.n	10001178 <clock_configure_int_divider+0xcc>
10001118:	2380      	movs	r3, #128	@ 0x80
1000111a:	2280      	movs	r2, #128	@ 0x80
1000111c:	019b      	lsls	r3, r3, #6
1000111e:	18e3      	adds	r3, r4, r3
10001120:	0112      	lsls	r2, r2, #4
10001122:	601a      	str	r2, [r3, #0]
10001124:	4643      	mov	r3, r8
10001126:	6066      	str	r6, [r4, #4]
10001128:	517b      	str	r3, [r7, r5]
1000112a:	bcf0      	pop	{r4, r5, r6, r7}
1000112c:	46bb      	mov	fp, r7
1000112e:	46b2      	mov	sl, r6
10001130:	46a9      	mov	r9, r5
10001132:	46a0      	mov	r8, r4
10001134:	bdf8      	pop	{r3, r4, r5, r6, r7, pc}
10001136:	6978      	ldr	r0, [r7, #20]
10001138:	f000 fa88 	bl	1000164c <__wrap___aeabi_uidiv>
1000113c:	3001      	adds	r0, #1
1000113e:	0043      	lsls	r3, r0, #1
10001140:	181b      	adds	r3, r3, r0
10001142:	3b03      	subs	r3, #3
10001144:	d2fd      	bcs.n	10001142 <clock_configure_int_divider+0x96>
10001146:	e7da      	b.n	100010fe <clock_configure_int_divider+0x52>
10001148:	465b      	mov	r3, fp
1000114a:	2b01      	cmp	r3, #1
1000114c:	d1cc      	bne.n	100010e8 <clock_configure_int_divider+0x3c>
1000114e:	23c0      	movs	r3, #192	@ 0xc0
10001150:	2203      	movs	r2, #3
10001152:	019b      	lsls	r3, r3, #6
10001154:	18e3      	adds	r3, r4, r3
10001156:	601a      	str	r2, [r3, #0]
10001158:	3a02      	subs	r2, #2
1000115a:	68a3      	ldr	r3, [r4, #8]
1000115c:	421a      	tst	r2, r3
1000115e:	d0fc      	beq.n	1000115a <clock_configure_int_divider+0xae>
10001160:	464a      	mov	r2, r9
10001162:	6823      	ldr	r3, [r4, #0]
10001164:	0152      	lsls	r2, r2, #5
10001166:	405a      	eors	r2, r3
10001168:	23e0      	movs	r3, #224	@ 0xe0
1000116a:	4013      	ands	r3, r2
1000116c:	2280      	movs	r2, #128	@ 0x80
1000116e:	0152      	lsls	r2, r2, #5
10001170:	18a2      	adds	r2, r4, r2
10001172:	4f08      	ldr	r7, [pc, #32]	@ (10001194 <clock_configure_int_divider+0xe8>)
10001174:	6013      	str	r3, [r2, #0]
10001176:	00ad      	lsls	r5, r5, #2
10001178:	4658      	mov	r0, fp
1000117a:	2303      	movs	r3, #3
1000117c:	6821      	ldr	r1, [r4, #0]
1000117e:	4041      	eors	r1, r0
10001180:	400b      	ands	r3, r1
10001182:	6013      	str	r3, [r2, #0]
10001184:	2201      	movs	r2, #1
10001186:	4082      	lsls	r2, r0
10001188:	68a3      	ldr	r3, [r4, #8]
1000118a:	421a      	tst	r2, r3
1000118c:	d0fc      	beq.n	10001188 <clock_configure_int_divider+0xdc>
1000118e:	e7c3      	b.n	10001118 <clock_configure_int_divider+0x6c>
10001190:	40008000 	.word	0x40008000
10001194:	2000067c 	.word	0x2000067c

10001198 <clock_configure_undivided>:
10001198:	b5f0      	push	{r4, r5, r6, r7, lr}
1000119a:	46d6      	mov	lr, sl
1000119c:	464f      	mov	r7, r9
1000119e:	4646      	mov	r6, r8
100011a0:	0044      	lsls	r4, r0, #1
100011a2:	4698      	mov	r8, r3
100011a4:	1824      	adds	r4, r4, r0
100011a6:	4b32      	ldr	r3, [pc, #200]	@ (10001270 <clock_configure_undivided+0xd8>)
100011a8:	00a4      	lsls	r4, r4, #2
100011aa:	18e4      	adds	r4, r4, r3
100011ac:	6863      	ldr	r3, [r4, #4]
100011ae:	468a      	mov	sl, r1
100011b0:	4691      	mov	r9, r2
100011b2:	b5c0      	push	{r6, r7, lr}
100011b4:	2bff      	cmp	r3, #255	@ 0xff
100011b6:	d802      	bhi.n	100011be <clock_configure_undivided+0x26>
100011b8:	2380      	movs	r3, #128	@ 0x80
100011ba:	005b      	lsls	r3, r3, #1
100011bc:	6063      	str	r3, [r4, #4]
100011be:	1f06      	subs	r6, r0, #4
100011c0:	b2f6      	uxtb	r6, r6
100011c2:	2e01      	cmp	r6, #1
100011c4:	d92f      	bls.n	10001226 <clock_configure_undivided+0x8e>
100011c6:	23c0      	movs	r3, #192	@ 0xc0
100011c8:	2280      	movs	r2, #128	@ 0x80
100011ca:	4f2a      	ldr	r7, [pc, #168]	@ (10001274 <clock_configure_undivided+0xdc>)
100011cc:	0085      	lsls	r5, r0, #2
100011ce:	019b      	lsls	r3, r3, #6
100011d0:	5979      	ldr	r1, [r7, r5]
100011d2:	0112      	lsls	r2, r2, #4
100011d4:	18e3      	adds	r3, r4, r3
100011d6:	601a      	str	r2, [r3, #0]
100011d8:	2900      	cmp	r1, #0
100011da:	d11b      	bne.n	10001214 <clock_configure_undivided+0x7c>
100011dc:	464b      	mov	r3, r9
100011de:	6822      	ldr	r2, [r4, #0]
100011e0:	015b      	lsls	r3, r3, #5
100011e2:	4053      	eors	r3, r2
100011e4:	22e0      	movs	r2, #224	@ 0xe0
100011e6:	4013      	ands	r3, r2
100011e8:	2280      	movs	r2, #128	@ 0x80
100011ea:	0152      	lsls	r2, r2, #5
100011ec:	18a2      	adds	r2, r4, r2
100011ee:	6013      	str	r3, [r2, #0]
100011f0:	2e01      	cmp	r6, #1
100011f2:	d930      	bls.n	10001256 <clock_configure_undivided+0xbe>
100011f4:	2380      	movs	r3, #128	@ 0x80
100011f6:	2280      	movs	r2, #128	@ 0x80
100011f8:	019b      	lsls	r3, r3, #6
100011fa:	18e3      	adds	r3, r4, r3
100011fc:	0112      	lsls	r2, r2, #4
100011fe:	601a      	str	r2, [r3, #0]
10001200:	2380      	movs	r3, #128	@ 0x80
10001202:	005b      	lsls	r3, r3, #1
10001204:	6063      	str	r3, [r4, #4]
10001206:	4643      	mov	r3, r8
10001208:	517b      	str	r3, [r7, r5]
1000120a:	bce0      	pop	{r5, r6, r7}
1000120c:	46ba      	mov	sl, r7
1000120e:	46b1      	mov	r9, r6
10001210:	46a8      	mov	r8, r5
10001212:	bdf0      	pop	{r4, r5, r6, r7, pc}
10001214:	6978      	ldr	r0, [r7, #20]
10001216:	f000 fa19 	bl	1000164c <__wrap___aeabi_uidiv>
1000121a:	3001      	adds	r0, #1
1000121c:	0043      	lsls	r3, r0, #1
1000121e:	181b      	adds	r3, r3, r0
10001220:	3b03      	subs	r3, #3
10001222:	d2fd      	bcs.n	10001220 <clock_configure_undivided+0x88>
10001224:	e7da      	b.n	100011dc <clock_configure_undivided+0x44>
10001226:	4653      	mov	r3, sl
10001228:	2b01      	cmp	r3, #1
1000122a:	d1cc      	bne.n	100011c6 <clock_configure_undivided+0x2e>
1000122c:	23c0      	movs	r3, #192	@ 0xc0
1000122e:	2203      	movs	r2, #3
10001230:	019b      	lsls	r3, r3, #6
10001232:	18e3      	adds	r3, r4, r3
10001234:	601a      	str	r2, [r3, #0]
10001236:	3a02      	subs	r2, #2
10001238:	68a3      	ldr	r3, [r4, #8]
1000123a:	421a      	tst	r2, r3
1000123c:	d0fc      	beq.n	10001238 <clock_configure_undivided+0xa0>
1000123e:	464a      	mov	r2, r9
10001240:	6823      	ldr	r3, [r4, #0]
10001242:	0152      	lsls	r2, r2, #5
10001244:	405a      	eors	r2, r3
10001246:	23e0      	movs	r3, #224	@ 0xe0
10001248:	4013      	ands	r3, r2
1000124a:	2280      	movs	r2, #128	@ 0x80
1000124c:	0152      	lsls	r2, r2, #5
1000124e:	18a2      	adds	r2, r4, r2
10001250:	4f08      	ldr	r7, [pc, #32]	@ (10001274 <clock_configure_undivided+0xdc>)
10001252:	6013      	str	r3, [r2, #0]
10001254:	0085      	lsls	r5, r0, #2
10001256:	4650      	mov	r0, sl
10001258:	2303      	movs	r3, #3
1000125a:	6821      	ldr	r1, [r4, #0]
1000125c:	4041      	eors	r1, r0
1000125e:	400b      	ands	r3, r1
10001260:	6013      	str	r3, [r2, #0]
10001262:	2201      	movs	r2, #1
10001264:	4082      	lsls	r2, r0
10001266:	68a3      	ldr	r3, [r4, #8]
10001268:	421a      	tst	r2, r3
1000126a:	d0fc      	beq.n	10001266 <clock_configure_undivided+0xce>
1000126c:	e7c2      	b.n	100011f4 <clock_configure_undivided+0x5c>
1000126e:	46c0      	nop			@ (mov r8, r8)
10001270:	40008000 	.word	0x40008000
10001274:	2000067c 	.word	0x2000067c

10001278 <clock_get_hz>:
10001278:	4b01      	ldr	r3, [pc, #4]	@ (10001280 <clock_get_hz+0x8>)
1000127a:	0080      	lsls	r0, r0, #2
1000127c:	58c0      	ldr	r0, [r0, r3]
1000127e:	4770      	bx	lr
10001280:	2000067c 	.word	0x2000067c

10001284 <pll_init>:
10001284:	b5f0      	push	{r4, r5, r6, r7, lr}
10001286:	46c6      	mov	lr, r8
10001288:	0004      	movs	r4, r0
1000128a:	b500      	push	{lr}
1000128c:	4823      	ldr	r0, [pc, #140]	@ (1000131c <pll_init+0x98>)
1000128e:	0016      	movs	r6, r2
10001290:	4698      	mov	r8, r3
10001292:	000d      	movs	r5, r1
10001294:	f000 f9da 	bl	1000164c <__wrap___aeabi_uidiv>
10001298:	0001      	movs	r1, r0
1000129a:	0030      	movs	r0, r6
1000129c:	f000 f9d6 	bl	1000164c <__wrap___aeabi_uidiv>
100012a0:	4643      	mov	r3, r8
100012a2:	9a06      	ldr	r2, [sp, #24]
100012a4:	041b      	lsls	r3, r3, #16
100012a6:	0312      	lsls	r2, r2, #12
100012a8:	4313      	orrs	r3, r2
100012aa:	469c      	mov	ip, r3
100012ac:	6823      	ldr	r3, [r4, #0]
100012ae:	0006      	movs	r6, r0
100012b0:	2b00      	cmp	r3, #0
100012b2:	db22      	blt.n	100012fa <pll_init+0x76>
100012b4:	4b1a      	ldr	r3, [pc, #104]	@ (10001320 <pll_init+0x9c>)
100012b6:	481b      	ldr	r0, [pc, #108]	@ (10001324 <pll_init+0xa0>)
100012b8:	18e2      	adds	r2, r4, r3
100012ba:	1e53      	subs	r3, r2, #1
100012bc:	419a      	sbcs	r2, r3
100012be:	2380      	movs	r3, #128	@ 0x80
100012c0:	4252      	negs	r2, r2
100012c2:	0b12      	lsrs	r2, r2, #12
100012c4:	019b      	lsls	r3, r3, #6
100012c6:	0312      	lsls	r2, r2, #12
100012c8:	18d2      	adds	r2, r2, r3
100012ca:	4b17      	ldr	r3, [pc, #92]	@ (10001328 <pll_init+0xa4>)
100012cc:	601a      	str	r2, [r3, #0]
100012ce:	4b17      	ldr	r3, [pc, #92]	@ (1000132c <pll_init+0xa8>)
100012d0:	601a      	str	r2, [r3, #0]
100012d2:	0013      	movs	r3, r2
100012d4:	6801      	ldr	r1, [r0, #0]
100012d6:	438b      	bics	r3, r1
100012d8:	d1fb      	bne.n	100012d2 <pll_init+0x4e>
100012da:	2221      	movs	r2, #33	@ 0x21
100012dc:	4b14      	ldr	r3, [pc, #80]	@ (10001330 <pll_init+0xac>)
100012de:	6025      	str	r5, [r4, #0]
100012e0:	18e3      	adds	r3, r4, r3
100012e2:	60a6      	str	r6, [r4, #8]
100012e4:	601a      	str	r2, [r3, #0]
100012e6:	6822      	ldr	r2, [r4, #0]
100012e8:	2a00      	cmp	r2, #0
100012ea:	dafc      	bge.n	100012e6 <pll_init+0x62>
100012ec:	4662      	mov	r2, ip
100012ee:	60e2      	str	r2, [r4, #12]
100012f0:	2208      	movs	r2, #8
100012f2:	601a      	str	r2, [r3, #0]
100012f4:	bc80      	pop	{r7}
100012f6:	46b8      	mov	r8, r7
100012f8:	bdf0      	pop	{r4, r5, r6, r7, pc}
100012fa:	233f      	movs	r3, #63	@ 0x3f
100012fc:	6822      	ldr	r2, [r4, #0]
100012fe:	4013      	ands	r3, r2
10001300:	42ab      	cmp	r3, r5
10001302:	d1d7      	bne.n	100012b4 <pll_init+0x30>
10001304:	68a3      	ldr	r3, [r4, #8]
10001306:	051b      	lsls	r3, r3, #20
10001308:	0d1b      	lsrs	r3, r3, #20
1000130a:	4283      	cmp	r3, r0
1000130c:	d1d2      	bne.n	100012b4 <pll_init+0x30>
1000130e:	22ee      	movs	r2, #238	@ 0xee
10001310:	68e3      	ldr	r3, [r4, #12]
10001312:	02d2      	lsls	r2, r2, #11
10001314:	4013      	ands	r3, r2
10001316:	4563      	cmp	r3, ip
10001318:	d1cc      	bne.n	100012b4 <pll_init+0x30>
1000131a:	e7eb      	b.n	100012f4 <pll_init+0x70>
1000131c:	00b71b00 	.word	0x00b71b00
10001320:	bffd4000 	.word	0xbffd4000
10001324:	4000c008 	.word	0x4000c008
10001328:	4000e000 	.word	0x4000e000
1000132c:	4000f000 	.word	0x4000f000
10001330:	00003004 	.word	0x00003004

10001334 <tick_start>:
10001334:	2380      	movs	r3, #128	@ 0x80
10001336:	4a02      	ldr	r2, [pc, #8]	@ (10001340 <tick_start+0xc>)
10001338:	009b      	lsls	r3, r3, #2
1000133a:	430b      	orrs	r3, r1
1000133c:	62d3      	str	r3, [r2, #44]	@ 0x2c
1000133e:	4770      	bx	lr
10001340:	40058000 	.word	0x40058000

10001344 <rom_func_lookup>:
10001344:	2300      	movs	r3, #0
10001346:	b510      	push	{r4, lr}
10001348:	0001      	movs	r1, r0
1000134a:	8a98      	ldrh	r0, [r3, #20]
1000134c:	8b1b      	ldrh	r3, [r3, #24]
1000134e:	4798      	blx	r3
10001350:	bd10      	pop	{r4, pc}
10001352:	46c0      	nop			@ (mov r8, r8)

10001354 <rom_data_lookup>:
10001354:	2316      	movs	r3, #22
10001356:	b510      	push	{r4, lr}
10001358:	0001      	movs	r1, r0
1000135a:	8818      	ldrh	r0, [r3, #0]
1000135c:	885b      	ldrh	r3, [r3, #2]
1000135e:	4798      	blx	r3
10001360:	bd10      	pop	{r4, pc}
10001362:	46c0      	nop			@ (mov r8, r8)

10001364 <rom_funcs_lookup>:
10001364:	b5f8      	push	{r3, r4, r5, r6, r7, lr}
10001366:	4647      	mov	r7, r8
10001368:	46ce      	mov	lr, r9
1000136a:	b580      	push	{r7, lr}
1000136c:	1e0f      	subs	r7, r1, #0
1000136e:	d018      	beq.n	100013a2 <rom_funcs_lookup+0x3e>
10001370:	2314      	movs	r3, #20
10001372:	4699      	mov	r9, r3
10001374:	3304      	adds	r3, #4
10001376:	0004      	movs	r4, r0
10001378:	2500      	movs	r5, #0
1000137a:	2601      	movs	r6, #1
1000137c:	4698      	mov	r8, r3
1000137e:	464b      	mov	r3, r9
10001380:	8818      	ldrh	r0, [r3, #0]
10001382:	4643      	mov	r3, r8
10001384:	6821      	ldr	r1, [r4, #0]
10001386:	881b      	ldrh	r3, [r3, #0]
10001388:	4798      	blx	r3
1000138a:	c401      	stmia	r4!, {r0}
1000138c:	1e43      	subs	r3, r0, #1
1000138e:	4198      	sbcs	r0, r3
10001390:	3501      	adds	r5, #1
10001392:	4006      	ands	r6, r0
10001394:	42af      	cmp	r7, r5
10001396:	d1f2      	bne.n	1000137e <rom_funcs_lookup+0x1a>
10001398:	0030      	movs	r0, r6
1000139a:	bcc0      	pop	{r6, r7}
1000139c:	46b9      	mov	r9, r7
1000139e:	46b0      	mov	r8, r6
100013a0:	bdf8      	pop	{r3, r4, r5, r6, r7, pc}
100013a2:	2601      	movs	r6, #1
100013a4:	e7f8      	b.n	10001398 <rom_funcs_lookup+0x34>
100013a6:	46c0      	nop			@ (mov r8, r8)

100013a8 <rom_reset_usb_boot_extra>:
100013a8:	2300      	movs	r3, #0
100013aa:	b570      	push	{r4, r5, r6, lr}
100013ac:	0004      	movs	r4, r0
100013ae:	000d      	movs	r5, r1
100013b0:	8a98      	ldrh	r0, [r3, #20]
100013b2:	4905      	ldr	r1, [pc, #20]	@ (100013c8 <rom_reset_usb_boot_extra+0x20>)
100013b4:	8b1b      	ldrh	r3, [r3, #24]
100013b6:	4798      	blx	r3
100013b8:	0003      	movs	r3, r0
100013ba:	2000      	movs	r0, #0
100013bc:	2c00      	cmp	r4, #0
100013be:	db01      	blt.n	100013c4 <rom_reset_usb_boot_extra+0x1c>
100013c0:	3001      	adds	r0, #1
100013c2:	40a0      	lsls	r0, r4
100013c4:	0029      	movs	r1, r5
100013c6:	4798      	blx	r3
100013c8:	00004255 	.word	0x00004255

100013cc <xosc_init>:
100013cc:	23aa      	movs	r3, #170	@ 0xaa
100013ce:	4a06      	ldr	r2, [pc, #24]	@ (100013e8 <xosc_init+0x1c>)
100013d0:	011b      	lsls	r3, r3, #4
100013d2:	6013      	str	r3, [r2, #0]
100013d4:	238d      	movs	r3, #141	@ 0x8d
100013d6:	005b      	lsls	r3, r3, #1
100013d8:	60d3      	str	r3, [r2, #12]
100013da:	4904      	ldr	r1, [pc, #16]	@ (100013ec <xosc_init+0x20>)
100013dc:	4b04      	ldr	r3, [pc, #16]	@ (100013f0 <xosc_init+0x24>)
100013de:	6019      	str	r1, [r3, #0]
100013e0:	6853      	ldr	r3, [r2, #4]
100013e2:	2b00      	cmp	r3, #0
100013e4:	dafc      	bge.n	100013e0 <xosc_init+0x14>
100013e6:	4770      	bx	lr
100013e8:	40024000 	.word	0x40024000
100013ec:	00fab000 	.word	0x00fab000
100013f0:	40026000 	.word	0x40026000

100013f4 <first_per_core_initializer>:
100013f4:	4770      	bx	lr
100013f6:	46c0      	nop			@ (mov r8, r8)

100013f8 <hard_assertion_failure>:
100013f8:	b510      	push	{r4, lr}
100013fa:	4801      	ldr	r0, [pc, #4]	@ (10001400 <hard_assertion_failure+0x8>)
100013fc:	f7ff f828 	bl	10000450 <panic>
10001400:	10002e60 	.word	0x10002e60

10001404 <runtime_run_initializers>:
10001404:	b570      	push	{r4, r5, r6, lr}
10001406:	4d07      	ldr	r5, [pc, #28]	@ (10001424 <runtime_run_initializers+0x20>)
10001408:	4e07      	ldr	r6, [pc, #28]	@ (10001428 <runtime_run_initializers+0x24>)
1000140a:	42b5      	cmp	r5, r6
1000140c:	d209      	bcs.n	10001422 <runtime_run_initializers+0x1e>
1000140e:	2400      	movs	r4, #0
10001410:	3e01      	subs	r6, #1
10001412:	1b76      	subs	r6, r6, r5
10001414:	08b6      	lsrs	r6, r6, #2
10001416:	3601      	adds	r6, #1
10001418:	cd08      	ldmia	r5!, {r3}
1000141a:	3401      	adds	r4, #1
1000141c:	4798      	blx	r3
1000141e:	42b4      	cmp	r4, r6
10001420:	d1fa      	bne.n	10001418 <runtime_run_initializers+0x14>
10001422:	bd70      	pop	{r4, r5, r6, pc}
10001424:	10002de0 	.word	0x10002de0
10001428:	10002e1c 	.word	0x10002e1c

1000142c <runtime_init_early_resets>:
1000142c:	4b05      	ldr	r3, [pc, #20]	@ (10001444 <runtime_init_early_resets+0x18>)
1000142e:	4a06      	ldr	r2, [pc, #24]	@ (10001448 <runtime_init_early_resets+0x1c>)
10001430:	4906      	ldr	r1, [pc, #24]	@ (1000144c <runtime_init_early_resets+0x20>)
10001432:	601a      	str	r2, [r3, #0]
10001434:	4a06      	ldr	r2, [pc, #24]	@ (10001450 <runtime_init_early_resets+0x24>)
10001436:	4b07      	ldr	r3, [pc, #28]	@ (10001454 <runtime_init_early_resets+0x28>)
10001438:	601a      	str	r2, [r3, #0]
1000143a:	0010      	movs	r0, r2
1000143c:	680b      	ldr	r3, [r1, #0]
1000143e:	4398      	bics	r0, r3
10001440:	d1fb      	bne.n	1000143a <runtime_init_early_resets+0xe>
10001442:	4770      	bx	lr
10001444:	4000e000 	.word	0x4000e000
10001448:	fefbcdbf 	.word	0xfefbcdbf
1000144c:	4000c008 	.word	0x4000c008
10001450:	003c7ffe 	.word	0x003c7ffe
10001454:	4000f000 	.word	0x4000f000

10001458 <runtime_init_usb_power_down>:
10001458:	4b04      	ldr	r3, [pc, #16]	@ (1000146c <runtime_init_usb_power_down+0x14>)
1000145a:	6cdb      	ldr	r3, [r3, #76]	@ 0x4c
1000145c:	2b00      	cmp	r3, #0
1000145e:	d103      	bne.n	10001468 <runtime_init_usb_power_down+0x10>
10001460:	2280      	movs	r2, #128	@ 0x80
10001462:	4b03      	ldr	r3, [pc, #12]	@ (10001470 <runtime_init_usb_power_down+0x18>)
10001464:	02d2      	lsls	r2, r2, #11
10001466:	601a      	str	r2, [r3, #0]
10001468:	4770      	bx	lr
1000146a:	46c0      	nop			@ (mov r8, r8)
1000146c:	50110000 	.word	0x50110000
10001470:	5011204c 	.word	0x5011204c

10001474 <runtime_init_post_clock_resets>:
10001474:	4a04      	ldr	r2, [pc, #16]	@ (10001488 <runtime_init_post_clock_resets+0x14>)
10001476:	4b05      	ldr	r3, [pc, #20]	@ (1000148c <runtime_init_post_clock_resets+0x18>)
10001478:	601a      	str	r2, [r3, #0]
1000147a:	4a05      	ldr	r2, [pc, #20]	@ (10001490 <runtime_init_post_clock_resets+0x1c>)
1000147c:	6813      	ldr	r3, [r2, #0]
1000147e:	01db      	lsls	r3, r3, #7
10001480:	3380      	adds	r3, #128	@ 0x80
10001482:	d1fb      	bne.n	1000147c <runtime_init_post_clock_resets+0x8>
10001484:	4770      	bx	lr
10001486:	46c0      	nop			@ (mov r8, r8)
10001488:	01ffffff 	.word	0x01ffffff
1000148c:	4000f000 	.word	0x4000f000
10001490:	4000c008 	.word	0x4000c008

10001494 <runtime_init_rp2040_gpio_ie_disable>:
10001494:	2240      	movs	r2, #64	@ 0x40
10001496:	4b03      	ldr	r3, [pc, #12]	@ (100014a4 <runtime_init_rp2040_gpio_ie_disable+0x10>)
10001498:	679a      	str	r2, [r3, #120]	@ 0x78
1000149a:	675a      	str	r2, [r3, #116]	@ 0x74
1000149c:	671a      	str	r2, [r3, #112]	@ 0x70
1000149e:	66da      	str	r2, [r3, #108]	@ 0x6c
100014a0:	4770      	bx	lr
100014a2:	46c0      	nop			@ (mov r8, r8)
100014a4:	4001f000 	.word	0x4001f000

100014a8 <runtime_init_spin_locks_reset>:
100014a8:	b510      	push	{r4, lr}
100014aa:	f7ff f81d 	bl	100004e8 <spin_locks_reset>
100014ae:	bd10      	pop	{r4, pc}

100014b0 <runtime_init_install_ram_vector_table>:
100014b0:	b570      	push	{r4, r5, r6, lr}
100014b2:	4927      	ldr	r1, [pc, #156]	@ (10001550 <runtime_init_install_ram_vector_table+0xa0>)
100014b4:	4e27      	ldr	r6, [pc, #156]	@ (10001554 <runtime_init_install_ram_vector_table+0xa4>)
100014b6:	4d28      	ldr	r5, [pc, #160]	@ (10001558 <runtime_init_install_ram_vector_table+0xa8>)
100014b8:	1a76      	subs	r6, r6, r1
100014ba:	08b4      	lsrs	r4, r6, #2
100014bc:	0022      	movs	r2, r4
100014be:	2c30      	cmp	r4, #48	@ 0x30
100014c0:	d900      	bls.n	100014c4 <runtime_init_install_ram_vector_table+0x14>
100014c2:	2230      	movs	r2, #48	@ 0x30
100014c4:	0028      	movs	r0, r5
100014c6:	0092      	lsls	r2, r2, #2
100014c8:	f001 f8f8 	bl	100026bc <__wrap___aeabi_memcpy>
100014cc:	2c2f      	cmp	r4, #47	@ 0x2f
100014ce:	d83b      	bhi.n	10001548 <runtime_init_install_ram_vector_table+0x98>
100014d0:	0023      	movs	r3, r4
100014d2:	3b2a      	subs	r3, #42	@ 0x2a
100014d4:	4a21      	ldr	r2, [pc, #132]	@ (1000155c <runtime_init_install_ram_vector_table+0xac>)
100014d6:	2b05      	cmp	r3, #5
100014d8:	d91b      	bls.n	10001512 <runtime_init_install_ram_vector_table+0x62>
100014da:	2030      	movs	r0, #48	@ 0x30
100014dc:	19ae      	adds	r6, r5, r6
100014de:	0771      	lsls	r1, r6, #29
100014e0:	1b00      	subs	r0, r0, r4
100014e2:	0026      	movs	r6, r4
100014e4:	0fcb      	lsrs	r3, r1, #31
100014e6:	2900      	cmp	r1, #0
100014e8:	da02      	bge.n	100014f0 <runtime_init_install_ram_vector_table+0x40>
100014ea:	00a1      	lsls	r1, r4, #2
100014ec:	506a      	str	r2, [r5, r1]
100014ee:	1c66      	adds	r6, r4, #1
100014f0:	1ac0      	subs	r0, r0, r3
100014f2:	18e3      	adds	r3, r4, r3
100014f4:	009b      	lsls	r3, r3, #2
100014f6:	0841      	lsrs	r1, r0, #1
100014f8:	18eb      	adds	r3, r5, r3
100014fa:	00c9      	lsls	r1, r1, #3
100014fc:	18c9      	adds	r1, r1, r3
100014fe:	601a      	str	r2, [r3, #0]
10001500:	605a      	str	r2, [r3, #4]
10001502:	3308      	adds	r3, #8
10001504:	428b      	cmp	r3, r1
10001506:	d1fa      	bne.n	100014fe <runtime_init_install_ram_vector_table+0x4e>
10001508:	2301      	movs	r3, #1
1000150a:	4203      	tst	r3, r0
1000150c:	d01c      	beq.n	10001548 <runtime_init_install_ram_vector_table+0x98>
1000150e:	4398      	bics	r0, r3
10001510:	1984      	adds	r4, r0, r6
10001512:	00a3      	lsls	r3, r4, #2
10001514:	50ea      	str	r2, [r5, r3]
10001516:	1c63      	adds	r3, r4, #1
10001518:	2c2f      	cmp	r4, #47	@ 0x2f
1000151a:	d015      	beq.n	10001548 <runtime_init_install_ram_vector_table+0x98>
1000151c:	009b      	lsls	r3, r3, #2
1000151e:	50ea      	str	r2, [r5, r3]
10001520:	1ca3      	adds	r3, r4, #2
10001522:	2c2e      	cmp	r4, #46	@ 0x2e
10001524:	d010      	beq.n	10001548 <runtime_init_install_ram_vector_table+0x98>
10001526:	009b      	lsls	r3, r3, #2
10001528:	50ea      	str	r2, [r5, r3]
1000152a:	1ce3      	adds	r3, r4, #3
1000152c:	2c2d      	cmp	r4, #45	@ 0x2d
1000152e:	d00b      	beq.n	10001548 <runtime_init_install_ram_vector_table+0x98>
10001530:	009b      	lsls	r3, r3, #2
10001532:	50ea      	str	r2, [r5, r3]
10001534:	1d23      	adds	r3, r4, #4
10001536:	2c2c      	cmp	r4, #44	@ 0x2c
10001538:	d006      	beq.n	10001548 <runtime_init_install_ram_vector_table+0x98>
1000153a:	009b      	lsls	r3, r3, #2
1000153c:	50ea      	str	r2, [r5, r3]
1000153e:	1d63      	adds	r3, r4, #5
10001540:	2c2b      	cmp	r4, #43	@ 0x2b
10001542:	d001      	beq.n	10001548 <runtime_init_install_ram_vector_table+0x98>
10001544:	009b      	lsls	r3, r3, #2
10001546:	50ea      	str	r2, [r5, r3]
10001548:	4b05      	ldr	r3, [pc, #20]	@ (10001560 <runtime_init_install_ram_vector_table+0xb0>)
1000154a:	609d      	str	r5, [r3, #8]
1000154c:	bd70      	pop	{r4, r5, r6, pc}
1000154e:	46c0      	nop			@ (mov r8, r8)
10001550:	10000100 	.word	0x10000100
10001554:	100001c0 	.word	0x100001c0
10001558:	20000000 	.word	0x20000000
1000155c:	100001c1 	.word	0x100001c1
10001560:	e000ed00 	.word	0xe000ed00

10001564 <runtime_init_clocks>:
10001564:	2300      	movs	r3, #0
10001566:	b510      	push	{r4, lr}
10001568:	4c29      	ldr	r4, [pc, #164]	@ (10001610 <runtime_init_clocks+0xac>)
1000156a:	b082      	sub	sp, #8
1000156c:	67a3      	str	r3, [r4, #120]	@ 0x78
1000156e:	f7ff ff2d 	bl	100013cc <xosc_init>
10001572:	2201      	movs	r2, #1
10001574:	4b27      	ldr	r3, [pc, #156]	@ (10001614 <runtime_init_clocks+0xb0>)
10001576:	601a      	str	r2, [r3, #0]
10001578:	6c63      	ldr	r3, [r4, #68]	@ 0x44
1000157a:	2b01      	cmp	r3, #1
1000157c:	d1fc      	bne.n	10001578 <runtime_init_clocks+0x14>
1000157e:	2203      	movs	r2, #3
10001580:	4b25      	ldr	r3, [pc, #148]	@ (10001618 <runtime_init_clocks+0xb4>)
10001582:	601a      	str	r2, [r3, #0]
10001584:	4a22      	ldr	r2, [pc, #136]	@ (10001610 <runtime_init_clocks+0xac>)
10001586:	6b93      	ldr	r3, [r2, #56]	@ 0x38
10001588:	2b01      	cmp	r3, #1
1000158a:	d1fc      	bne.n	10001586 <runtime_init_clocks+0x22>
1000158c:	3301      	adds	r3, #1
1000158e:	9300      	str	r3, [sp, #0]
10001590:	2101      	movs	r1, #1
10001592:	4a22      	ldr	r2, [pc, #136]	@ (1000161c <runtime_init_clocks+0xb8>)
10001594:	4822      	ldr	r0, [pc, #136]	@ (10001620 <runtime_init_clocks+0xbc>)
10001596:	3304      	adds	r3, #4
10001598:	f7ff fe74 	bl	10001284 <pll_init>
1000159c:	2305      	movs	r3, #5
1000159e:	2101      	movs	r1, #1
100015a0:	9300      	str	r3, [sp, #0]
100015a2:	4a20      	ldr	r2, [pc, #128]	@ (10001624 <runtime_init_clocks+0xc0>)
100015a4:	4820      	ldr	r0, [pc, #128]	@ (10001628 <runtime_init_clocks+0xc4>)
100015a6:	f7ff fe6d 	bl	10001284 <pll_init>
100015aa:	2200      	movs	r2, #0
100015ac:	2102      	movs	r1, #2
100015ae:	2004      	movs	r0, #4
100015b0:	4b1e      	ldr	r3, [pc, #120]	@ (1000162c <runtime_init_clocks+0xc8>)
100015b2:	f7ff fdf1 	bl	10001198 <clock_configure_undivided>
100015b6:	2200      	movs	r2, #0
100015b8:	2101      	movs	r1, #1
100015ba:	2005      	movs	r0, #5
100015bc:	4b1c      	ldr	r3, [pc, #112]	@ (10001630 <runtime_init_clocks+0xcc>)
100015be:	f7ff fdeb 	bl	10001198 <clock_configure_undivided>
100015c2:	2200      	movs	r2, #0
100015c4:	2100      	movs	r1, #0
100015c6:	2007      	movs	r0, #7
100015c8:	4b1a      	ldr	r3, [pc, #104]	@ (10001634 <runtime_init_clocks+0xd0>)
100015ca:	f7ff fde5 	bl	10001198 <clock_configure_undivided>
100015ce:	2200      	movs	r2, #0
100015d0:	2100      	movs	r1, #0
100015d2:	2008      	movs	r0, #8
100015d4:	4b17      	ldr	r3, [pc, #92]	@ (10001634 <runtime_init_clocks+0xd0>)
100015d6:	f7ff fddf 	bl	10001198 <clock_configure_undivided>
100015da:	2380      	movs	r3, #128	@ 0x80
100015dc:	00db      	lsls	r3, r3, #3
100015de:	9300      	str	r3, [sp, #0]
100015e0:	2200      	movs	r2, #0
100015e2:	2100      	movs	r1, #0
100015e4:	2009      	movs	r0, #9
100015e6:	4b13      	ldr	r3, [pc, #76]	@ (10001634 <runtime_init_clocks+0xd0>)
100015e8:	f7ff fd60 	bl	100010ac <clock_configure_int_divider>
100015ec:	2200      	movs	r2, #0
100015ee:	4b10      	ldr	r3, [pc, #64]	@ (10001630 <runtime_init_clocks+0xcc>)
100015f0:	2100      	movs	r1, #0
100015f2:	2006      	movs	r0, #6
100015f4:	f7ff fdd0 	bl	10001198 <clock_configure_undivided>
100015f8:	2004      	movs	r0, #4
100015fa:	f7ff fe3d 	bl	10001278 <clock_get_hz>
100015fe:	490e      	ldr	r1, [pc, #56]	@ (10001638 <runtime_init_clocks+0xd4>)
10001600:	f000 f824 	bl	1000164c <__wrap___aeabi_uidiv>
10001604:	0001      	movs	r1, r0
10001606:	2000      	movs	r0, #0
10001608:	f7ff fe94 	bl	10001334 <tick_start>
1000160c:	b002      	add	sp, #8
1000160e:	bd10      	pop	{r4, pc}
10001610:	40008000 	.word	0x40008000
10001614:	4000b03c 	.word	0x4000b03c
10001618:	4000b030 	.word	0x4000b030
1000161c:	59682f00 	.word	0x59682f00
10001620:	40028000 	.word	0x40028000
10001624:	47868c00 	.word	0x47868c00
10001628:	4002c000 	.word	0x4002c000
1000162c:	00b71b00 	.word	0x00b71b00
10001630:	07735940 	.word	0x07735940
10001634:	02dc6c00 	.word	0x02dc6c00
10001638:	000f4240 	.word	0x000f4240

1000163c <__aeabi_bits_init>:
1000163c:	4801      	ldr	r0, [pc, #4]	@ (10001644 <__aeabi_bits_init+0x8>)
1000163e:	2104      	movs	r1, #4
10001640:	4b01      	ldr	r3, [pc, #4]	@ (10001648 <__aeabi_bits_init+0xc>)
10001642:	4718      	bx	r3
10001644:	200002b0 	.word	0x200002b0
10001648:	10001365 	.word	0x10001365

1000164c <__wrap___aeabi_uidiv>:
1000164c:	4a11      	ldr	r2, [pc, #68]	@ (10001694 <divmod_u32u32_savestate+0x18>)
1000164e:	6f93      	ldr	r3, [r2, #120]	@ 0x78
10001650:	089b      	lsrs	r3, r3, #2
10001652:	d213      	bcs.n	1000167c <divmod_u32u32_savestate>

10001654 <divmod_u32u32_core>:
10001654:	6610      	str	r0, [r2, #96]	@ 0x60
10001656:	6651      	str	r1, [r2, #100]	@ 0x64
10001658:	2900      	cmp	r1, #0
1000165a:	d005      	beq.n	10001668 <divmod_u32u32_core+0x14>
1000165c:	e7ff      	b.n	1000165e <divmod_u32u32_core+0xa>
1000165e:	e7ff      	b.n	10001660 <divmod_u32u32_core+0xc>
10001660:	e7ff      	b.n	10001662 <divmod_u32u32_core+0xe>
10001662:	6f51      	ldr	r1, [r2, #116]	@ 0x74
10001664:	6f10      	ldr	r0, [r2, #112]	@ 0x70
10001666:	4770      	bx	lr
10001668:	b504      	push	{r2, lr}
1000166a:	2800      	cmp	r0, #0
1000166c:	d001      	beq.n	10001672 <divmod_u32u32_core+0x1e>
1000166e:	2000      	movs	r0, #0
10001670:	43c0      	mvns	r0, r0
10001672:	f001 fb95 	bl	10002da0 <____aeabi_idiv0_veneer>
10001676:	2100      	movs	r1, #0
10001678:	bd04      	pop	{r2, pc}
1000167a:	46c0      	nop			@ (mov r8, r8)

1000167c <divmod_u32u32_savestate>:
1000167c:	b5f0      	push	{r4, r5, r6, r7, lr}
1000167e:	6e14      	ldr	r4, [r2, #96]	@ 0x60
10001680:	6e55      	ldr	r5, [r2, #100]	@ 0x64
10001682:	6f57      	ldr	r7, [r2, #116]	@ 0x74
10001684:	6f16      	ldr	r6, [r2, #112]	@ 0x70
10001686:	f7ff ffe5 	bl	10001654 <divmod_u32u32_core>
1000168a:	6614      	str	r4, [r2, #96]	@ 0x60
1000168c:	6655      	str	r5, [r2, #100]	@ 0x64
1000168e:	6757      	str	r7, [r2, #116]	@ 0x74
10001690:	6716      	str	r6, [r2, #112]	@ 0x70
10001692:	bdf0      	pop	{r4, r5, r6, r7, pc}
10001694:	d0000000 	.word	0xd0000000

10001698 <push_r8_r11>:
10001698:	4644      	mov	r4, r8
1000169a:	464d      	mov	r5, r9
1000169c:	4656      	mov	r6, sl
1000169e:	465f      	mov	r7, fp
100016a0:	b4f0      	push	{r4, r5, r6, r7}
100016a2:	4770      	bx	lr

100016a4 <pop_r8_r11>:
100016a4:	bcf0      	pop	{r4, r5, r6, r7}
100016a6:	46a0      	mov	r8, r4
100016a8:	46a9      	mov	r9, r5
100016aa:	46b2      	mov	sl, r6
100016ac:	46bb      	mov	fp, r7
100016ae:	4770      	bx	lr

100016b0 <__wrap___aeabi_drsub>:
100016b0:	4048      	eors	r0, r1
100016b2:	4041      	eors	r1, r0
100016b4:	4048      	eors	r0, r1

100016b6 <__wrap___aeabi_dsub>:
100016b6:	b418      	push	{r3, r4}
100016b8:	4b1b      	ldr	r3, [pc, #108]	@ (10001728 <__wrap___aeabi_dmul+0x12>)
100016ba:	685b      	ldr	r3, [r3, #4]
100016bc:	46fc      	mov	ip, pc
100016be:	9301      	str	r3, [sp, #4]
100016c0:	bd08      	pop	{r3, pc}
100016c2:	df04      	.short	0xdf04
100016c4:	10001b8b 	.word	0x10001b8b

100016c8 <__wrap___aeabi_dadd>:
100016c8:	b418      	push	{r3, r4}
100016ca:	4b17      	ldr	r3, [pc, #92]	@ (10001728 <__wrap___aeabi_dmul+0x12>)
100016cc:	681b      	ldr	r3, [r3, #0]
100016ce:	46fc      	mov	ip, pc
100016d0:	9301      	str	r3, [sp, #4]
100016d2:	bd08      	pop	{r3, pc}
100016d4:	1b95df00 	.word	0x1b95df00
100016d8:	1000      	.short	0x1000

100016da <__wrap___aeabi_ddiv>:
100016da:	4694      	mov	ip, r2
100016dc:	4a13      	ldr	r2, [pc, #76]	@ (1000172c <__wrap___aeabi_dmul+0x16>)
100016de:	6f92      	ldr	r2, [r2, #120]	@ 0x78
100016e0:	0892      	lsrs	r2, r2, #2
100016e2:	d209      	bcs.n	100016f8 <ddiv_save_state>
100016e4:	4662      	mov	r2, ip

100016e6 <ddiv_shim_call>:
100016e6:	b418      	push	{r3, r4}
100016e8:	4b0f      	ldr	r3, [pc, #60]	@ (10001728 <__wrap___aeabi_dmul+0x12>)
100016ea:	68db      	ldr	r3, [r3, #12]
100016ec:	46fc      	mov	ip, pc
100016ee:	9301      	str	r3, [sp, #4]
100016f0:	bd08      	pop	{r3, pc}
100016f2:	df0c      	.short	0xdf0c
100016f4:	10001e4d 	.word	0x10001e4d

100016f8 <ddiv_save_state>:
100016f8:	4a0c      	ldr	r2, [pc, #48]	@ (1000172c <__wrap___aeabi_dmul+0x16>)
100016fa:	b5f0      	push	{r4, r5, r6, r7, lr}
100016fc:	6e14      	ldr	r4, [r2, #96]	@ 0x60
100016fe:	6e55      	ldr	r5, [r2, #100]	@ 0x64
10001700:	6f57      	ldr	r7, [r2, #116]	@ 0x74
10001702:	6f16      	ldr	r6, [r2, #112]	@ 0x70
10001704:	4662      	mov	r2, ip
10001706:	f7ff ffee 	bl	100016e6 <ddiv_shim_call>
1000170a:	4a08      	ldr	r2, [pc, #32]	@ (1000172c <__wrap___aeabi_dmul+0x16>)
1000170c:	6614      	str	r4, [r2, #96]	@ 0x60
1000170e:	6655      	str	r5, [r2, #100]	@ 0x64
10001710:	6757      	str	r7, [r2, #116]	@ 0x74
10001712:	6716      	str	r6, [r2, #112]	@ 0x70
10001714:	bdf0      	pop	{r4, r5, r6, r7, pc}

10001716 <__wrap___aeabi_dmul>:
10001716:	b418      	push	{r3, r4}
10001718:	4b03      	ldr	r3, [pc, #12]	@ (10001728 <__wrap___aeabi_dmul+0x12>)
1000171a:	689b      	ldr	r3, [r3, #8]
1000171c:	46fc      	mov	ip, pc
1000171e:	9301      	str	r3, [sp, #4]
10001720:	bd08      	pop	{r3, pc}
10001722:	df08      	.short	0xdf08
10001724:	10001cf1 	.word	0x10001cf1
10001728:	20000470 	.word	0x20000470
1000172c:	d0000000 	.word	0xd0000000

10001730 <__wrap___aeabi_d2iz>:
10001730:	b510      	push	{r4, lr}
10001732:	004c      	lsls	r4, r1, #1
10001734:	0d62      	lsrs	r2, r4, #21
10001736:	2380      	movs	r3, #128	@ 0x80
10001738:	18d2      	adds	r2, r2, r3
1000173a:	00db      	lsls	r3, r3, #3
1000173c:	1ad2      	subs	r2, r2, r3
1000173e:	055b      	lsls	r3, r3, #21
10001740:	2a7e      	cmp	r2, #126	@ 0x7e
10001742:	dd10      	ble.n	10001766 <__wrap___aeabi_d2iz+0x36>
10001744:	3a9e      	subs	r2, #158	@ 0x9e
10001746:	da13      	bge.n	10001770 <__wrap___aeabi_d2iz+0x40>
10001748:	17cc      	asrs	r4, r1, #31
1000174a:	0309      	lsls	r1, r1, #12
1000174c:	0849      	lsrs	r1, r1, #1
1000174e:	4319      	orrs	r1, r3
10001750:	4252      	negs	r2, r2
10001752:	40d1      	lsrs	r1, r2
10001754:	0064      	lsls	r4, r4, #1
10001756:	3401      	adds	r4, #1
10001758:	3215      	adds	r2, #21
1000175a:	2a20      	cmp	r2, #32
1000175c:	da05      	bge.n	1000176a <__wrap___aeabi_d2iz+0x3a>
1000175e:	40d0      	lsrs	r0, r2
10001760:	4308      	orrs	r0, r1
10001762:	4360      	muls	r0, r4
10001764:	bd10      	pop	{r4, pc}
10001766:	2000      	movs	r0, #0
10001768:	bd10      	pop	{r4, pc}
1000176a:	4608      	mov	r0, r1
1000176c:	4360      	muls	r0, r4
1000176e:	bd10      	pop	{r4, pc}
10001770:	0fc8      	lsrs	r0, r1, #31
10001772:	18c0      	adds	r0, r0, r3
10001774:	3801      	subs	r0, #1
10001776:	bd10      	pop	{r4, pc}

10001778 <fix642double>:
10001778:	b418      	push	{r3, r4}
1000177a:	4b04      	ldr	r3, [pc, #16]	@ (1000178c <fix642double+0x14>)
1000177c:	6e1b      	ldr	r3, [r3, #96]	@ 0x60
1000177e:	46fc      	mov	ip, pc
10001780:	9301      	str	r3, [sp, #4]
10001782:	bd08      	pop	{r3, pc}
10001784:	2127df60 	.word	0x2127df60
10001788:	00001000 	.word	0x00001000
1000178c:	20000470 	.word	0x20000470

10001790 <sincostan_remainder>:
10001790:	4a02      	ldr	r2, [pc, #8]	@ (1000179c <sincostan_remainder+0xc>)
10001792:	4b03      	ldr	r3, [pc, #12]	@ (100017a0 <sincostan_remainder+0x10>)
10001794:	b500      	push	{lr}
10001796:	f000 f9d7 	bl	10001b48 <__wrap_remainder>
1000179a:	bd00      	pop	{pc}
1000179c:	54442d18 	.word	0x54442d18
100017a0:	401921fb 	.word	0x401921fb

100017a4 <__wrap_sin>:
100017a4:	008a      	lsls	r2, r1, #2
100017a6:	d302      	bcc.n	100017ae <__wrap_sin+0xa>
100017a8:	0d92      	lsrs	r2, r2, #22
100017aa:	2a09      	cmp	r2, #9
100017ac:	da08      	bge.n	100017c0 <__wrap_sin+0x1c>
100017ae:	b418      	push	{r3, r4}
100017b0:	4b06      	ldr	r3, [pc, #24]	@ (100017cc <__wrap_sin+0x28>)
100017b2:	6c1b      	ldr	r3, [r3, #64]	@ 0x40
100017b4:	46fc      	mov	ip, pc
100017b6:	9301      	str	r3, [sp, #4]
100017b8:	bd08      	pop	{r3, pc}
100017ba:	df40      	.short	0xdf40
100017bc:	1000225b 	.word	0x1000225b
100017c0:	b500      	push	{lr}
100017c2:	f7ff ffe5 	bl	10001790 <sincostan_remainder>
100017c6:	bc04      	pop	{r2}
100017c8:	4696      	mov	lr, r2
100017ca:	e7f0      	b.n	100017ae <__wrap_sin+0xa>
100017cc:	20000470 	.word	0x20000470

100017d0 <__aeabi_double_init>:
100017d0:	2313      	movs	r3, #19
100017d2:	b570      	push	{r4, r5, r6, lr}
100017d4:	781d      	ldrb	r5, [r3, #0]
100017d6:	2d01      	cmp	r5, #1
100017d8:	d019      	beq.n	1000180e <__aeabi_double_init+0x3e>
100017da:	dd14      	ble.n	10001806 <__aeabi_double_init+0x36>
100017dc:	481f      	ldr	r0, [pc, #124]	@ (1000185c <__aeabi_double_init+0x8c>)
100017de:	f7ff fdb9 	bl	10001354 <rom_data_lookup>
100017e2:	0006      	movs	r6, r0
100017e4:	481e      	ldr	r0, [pc, #120]	@ (10001860 <__aeabi_double_init+0x90>)
100017e6:	f7ff fdb5 	bl	10001354 <rom_data_lookup>
100017ea:	4c1e      	ldr	r4, [pc, #120]	@ (10001864 <__aeabi_double_init+0x94>)
100017ec:	2280      	movs	r2, #128	@ 0x80
100017ee:	0031      	movs	r1, r6
100017f0:	0020      	movs	r0, r4
100017f2:	f000 ff63 	bl	100026bc <__wrap___aeabi_memcpy>
100017f6:	2d02      	cmp	r5, #2
100017f8:	d02d      	beq.n	10001856 <__aeabi_double_init+0x86>
100017fa:	481b      	ldr	r0, [pc, #108]	@ (10001868 <__aeabi_double_init+0x98>)
100017fc:	f7ff fda2 	bl	10001344 <rom_func_lookup>
10001800:	4b1a      	ldr	r3, [pc, #104]	@ (1000186c <__aeabi_double_init+0x9c>)
10001802:	6018      	str	r0, [r3, #0]
10001804:	bd70      	pop	{r4, r5, r6, pc}
10001806:	4b1a      	ldr	r3, [pc, #104]	@ (10001870 <__aeabi_double_init+0xa0>)
10001808:	4c16      	ldr	r4, [pc, #88]	@ (10001864 <__aeabi_double_init+0x94>)
1000180a:	64a3      	str	r3, [r4, #72]	@ 0x48
1000180c:	e7f5      	b.n	100017fa <__aeabi_double_init+0x2a>
1000180e:	4b18      	ldr	r3, [pc, #96]	@ (10001870 <__aeabi_double_init+0xa0>)
10001810:	4c14      	ldr	r4, [pc, #80]	@ (10001864 <__aeabi_double_init+0x94>)
10001812:	6023      	str	r3, [r4, #0]
10001814:	6063      	str	r3, [r4, #4]
10001816:	60a3      	str	r3, [r4, #8]
10001818:	60e3      	str	r3, [r4, #12]
1000181a:	6123      	str	r3, [r4, #16]
1000181c:	6163      	str	r3, [r4, #20]
1000181e:	61a3      	str	r3, [r4, #24]
10001820:	61e3      	str	r3, [r4, #28]
10001822:	6223      	str	r3, [r4, #32]
10001824:	6263      	str	r3, [r4, #36]	@ 0x24
10001826:	62a3      	str	r3, [r4, #40]	@ 0x28
10001828:	62e3      	str	r3, [r4, #44]	@ 0x2c
1000182a:	6323      	str	r3, [r4, #48]	@ 0x30
1000182c:	6363      	str	r3, [r4, #52]	@ 0x34
1000182e:	63a3      	str	r3, [r4, #56]	@ 0x38
10001830:	63e3      	str	r3, [r4, #60]	@ 0x3c
10001832:	6423      	str	r3, [r4, #64]	@ 0x40
10001834:	6463      	str	r3, [r4, #68]	@ 0x44
10001836:	64a3      	str	r3, [r4, #72]	@ 0x48
10001838:	64e3      	str	r3, [r4, #76]	@ 0x4c
1000183a:	6523      	str	r3, [r4, #80]	@ 0x50
1000183c:	6563      	str	r3, [r4, #84]	@ 0x54
1000183e:	65a3      	str	r3, [r4, #88]	@ 0x58
10001840:	65e3      	str	r3, [r4, #92]	@ 0x5c
10001842:	6623      	str	r3, [r4, #96]	@ 0x60
10001844:	6663      	str	r3, [r4, #100]	@ 0x64
10001846:	66a3      	str	r3, [r4, #104]	@ 0x68
10001848:	66e3      	str	r3, [r4, #108]	@ 0x6c
1000184a:	6723      	str	r3, [r4, #112]	@ 0x70
1000184c:	6763      	str	r3, [r4, #116]	@ 0x74
1000184e:	67a3      	str	r3, [r4, #120]	@ 0x78
10001850:	67e3      	str	r3, [r4, #124]	@ 0x7c
10001852:	64a3      	str	r3, [r4, #72]	@ 0x48
10001854:	e7d1      	b.n	100017fa <__aeabi_double_init+0x2a>
10001856:	4b06      	ldr	r3, [pc, #24]	@ (10001870 <__aeabi_double_init+0xa0>)
10001858:	64a3      	str	r3, [r4, #72]	@ 0x48
1000185a:	e7ce      	b.n	100017fa <__aeabi_double_init+0x2a>
1000185c:	00004453 	.word	0x00004453
10001860:	00004653 	.word	0x00004653
10001864:	20000470 	.word	0x20000470
10001868:	0000334c 	.word	0x0000334c
1000186c:	200006c4 	.word	0x200006c4
10001870:	10001b59 	.word	0x10001b59

10001874 <__wrap_remquo>:
10001874:	b5f0      	push	{r4, r5, r6, r7, lr}
10001876:	4657      	mov	r7, sl
10001878:	4645      	mov	r5, r8
1000187a:	46de      	mov	lr, fp
1000187c:	464e      	mov	r6, r9
1000187e:	b5e0      	push	{r5, r6, r7, lr}
10001880:	004d      	lsls	r5, r1, #1
10001882:	b089      	sub	sp, #36	@ 0x24
10001884:	9200      	str	r2, [sp, #0]
10001886:	9301      	str	r3, [sp, #4]
10001888:	0d6b      	lsrs	r3, r5, #21
1000188a:	469c      	mov	ip, r3
1000188c:	9b12      	ldr	r3, [sp, #72]	@ 0x48
1000188e:	0007      	movs	r7, r0
10001890:	2b00      	cmp	r3, #0
10001892:	d002      	beq.n	1000189a <__wrap_remquo+0x26>
10001894:	001a      	movs	r2, r3
10001896:	2300      	movs	r3, #0
10001898:	6013      	str	r3, [r2, #0]
1000189a:	4da8      	ldr	r5, [pc, #672]	@ (10001b3c <__wrap_remquo+0x2c8>)
1000189c:	45ac      	cmp	ip, r5
1000189e:	d077      	beq.n	10001990 <__wrap_remquo+0x11c>
100018a0:	9b00      	ldr	r3, [sp, #0]
100018a2:	9c01      	ldr	r4, [sp, #4]
100018a4:	9a01      	ldr	r2, [sp, #4]
100018a6:	4699      	mov	r9, r3
100018a8:	0054      	lsls	r4, r2, #1
100018aa:	0d64      	lsrs	r4, r4, #21
100018ac:	d070      	beq.n	10001990 <__wrap_remquo+0x11c>
100018ae:	4662      	mov	r2, ip
100018b0:	2a00      	cmp	r2, #0
100018b2:	d100      	bne.n	100018b6 <__wrap_remquo+0x42>
100018b4:	e077      	b.n	100019a6 <__wrap_remquo+0x132>
100018b6:	0002      	movs	r2, r0
100018b8:	000b      	movs	r3, r1
100018ba:	42ac      	cmp	r4, r5
100018bc:	d06a      	beq.n	10001994 <__wrap_remquo+0x120>
100018be:	1e65      	subs	r5, r4, #1
100018c0:	46a8      	mov	r8, r5
100018c2:	4565      	cmp	r5, ip
100018c4:	dc66      	bgt.n	10001994 <__wrap_remquo+0x120>
100018c6:	464e      	mov	r6, r9
100018c8:	9706      	str	r7, [sp, #24]
100018ca:	2780      	movs	r7, #128	@ 0x80
100018cc:	9604      	str	r6, [sp, #16]
100018ce:	2680      	movs	r6, #128	@ 0x80
100018d0:	030a      	lsls	r2, r1, #12
100018d2:	0b12      	lsrs	r2, r2, #12
100018d4:	037f      	lsls	r7, r7, #13
100018d6:	4317      	orrs	r7, r2
100018d8:	9707      	str	r7, [sp, #28]
100018da:	9f01      	ldr	r7, [sp, #4]
100018dc:	0376      	lsls	r6, r6, #13
100018de:	033a      	lsls	r2, r7, #12
100018e0:	0b12      	lsrs	r2, r2, #12
100018e2:	4316      	orrs	r6, r2
100018e4:	0fcb      	lsrs	r3, r1, #31
100018e6:	9605      	str	r6, [sp, #20]
100018e8:	4565      	cmp	r5, ip
100018ea:	d05f      	beq.n	100019ac <__wrap_remquo+0x138>
100018ec:	4662      	mov	r2, ip
100018ee:	1b15      	subs	r5, r2, r4
100018f0:	2b00      	cmp	r3, #0
100018f2:	d100      	bne.n	100018f6 <__wrap_remquo+0x82>
100018f4:	e07d      	b.n	100019f2 <__wrap_remquo+0x17e>
100018f6:	9e06      	ldr	r6, [sp, #24]
100018f8:	9f07      	ldr	r7, [sp, #28]
100018fa:	2300      	movs	r3, #0
100018fc:	4272      	negs	r2, r6
100018fe:	41bb      	sbcs	r3, r7
10001900:	9206      	str	r2, [sp, #24]
10001902:	9307      	str	r3, [sp, #28]
10001904:	2d00      	cmp	r5, #0
10001906:	dc00      	bgt.n	1000190a <__wrap_remquo+0x96>
10001908:	e095      	b.n	10001a36 <__wrap_remquo+0x1c2>
1000190a:	9b05      	ldr	r3, [sp, #20]
1000190c:	2001      	movs	r0, #1
1000190e:	1119      	asrs	r1, r3, #4
10001910:	4240      	negs	r0, r0
10001912:	f7ff fe9b 	bl	1000164c <__wrap___aeabi_uidiv>
10001916:	9e06      	ldr	r6, [sp, #24]
10001918:	9f07      	ldr	r7, [sp, #28]
1000191a:	2300      	movs	r3, #0
1000191c:	46a3      	mov	fp, r4
1000191e:	4682      	mov	sl, r0
10001920:	002c      	movs	r4, r5
10001922:	4699      	mov	r9, r3
10001924:	e019      	b.n	1000195a <__wrap_remquo+0xe6>
10001926:	0032      	movs	r2, r6
10001928:	409a      	lsls	r2, r3
1000192a:	9203      	str	r2, [sp, #12]
1000192c:	0033      	movs	r3, r6
1000192e:	40ab      	lsls	r3, r5
10001930:	0008      	movs	r0, r1
10001932:	9302      	str	r3, [sp, #8]
10001934:	17c9      	asrs	r1, r1, #31
10001936:	9a04      	ldr	r2, [sp, #16]
10001938:	9b05      	ldr	r3, [sp, #20]
1000193a:	4680      	mov	r8, r0
1000193c:	f000 fe0e 	bl	1000255c <__wrap___aeabi_lmul>
10001940:	9e02      	ldr	r6, [sp, #8]
10001942:	9f03      	ldr	r7, [sp, #12]
10001944:	464b      	mov	r3, r9
10001946:	46c4      	mov	ip, r8
10001948:	40ab      	lsls	r3, r5
1000194a:	449c      	add	ip, r3
1000194c:	1a36      	subs	r6, r6, r0
1000194e:	418f      	sbcs	r7, r1
10001950:	46e1      	mov	r9, ip
10001952:	1b64      	subs	r4, r4, r5
10001954:	2c00      	cmp	r4, #0
10001956:	dc00      	bgt.n	1000195a <__wrap_remquo+0xe6>
10001958:	e0b0      	b.n	10001abc <__wrap_remquo+0x248>
1000195a:	0025      	movs	r5, r4
1000195c:	2c0c      	cmp	r4, #12
1000195e:	dd00      	ble.n	10001962 <__wrap_remquo+0xee>
10001960:	250c      	movs	r5, #12
10001962:	4652      	mov	r2, sl
10001964:	11bb      	asrs	r3, r7, #6
10001966:	4353      	muls	r3, r2
10001968:	221d      	movs	r2, #29
1000196a:	1b52      	subs	r2, r2, r5
1000196c:	4113      	asrs	r3, r2
1000196e:	3301      	adds	r3, #1
10001970:	1059      	asrs	r1, r3, #1
10001972:	002b      	movs	r3, r5
10001974:	3b20      	subs	r3, #32
10001976:	d5d6      	bpl.n	10001926 <__wrap_remquo+0xb2>
10001978:	2320      	movs	r3, #32
1000197a:	0032      	movs	r2, r6
1000197c:	1b5b      	subs	r3, r3, r5
1000197e:	40da      	lsrs	r2, r3
10001980:	0013      	movs	r3, r2
10001982:	003a      	movs	r2, r7
10001984:	40aa      	lsls	r2, r5
10001986:	4694      	mov	ip, r2
10001988:	449c      	add	ip, r3
1000198a:	4663      	mov	r3, ip
1000198c:	9303      	str	r3, [sp, #12]
1000198e:	e7cd      	b.n	1000192c <__wrap_remquo+0xb8>
10001990:	2200      	movs	r2, #0
10001992:	4b6b      	ldr	r3, [pc, #428]	@ (10001b40 <__wrap_remquo+0x2cc>)
10001994:	0010      	movs	r0, r2
10001996:	0019      	movs	r1, r3
10001998:	b009      	add	sp, #36	@ 0x24
1000199a:	bcf0      	pop	{r4, r5, r6, r7}
1000199c:	46bb      	mov	fp, r7
1000199e:	46b2      	mov	sl, r6
100019a0:	46a9      	mov	r9, r5
100019a2:	46a0      	mov	r8, r4
100019a4:	bdf0      	pop	{r4, r5, r6, r7, pc}
100019a6:	2200      	movs	r2, #0
100019a8:	2300      	movs	r3, #0
100019aa:	e7f3      	b.n	10001994 <__wrap_remquo+0x120>
100019ac:	9c07      	ldr	r4, [sp, #28]
100019ae:	42b4      	cmp	r4, r6
100019b0:	dd6f      	ble.n	10001a92 <__wrap_remquo+0x21e>
100019b2:	9804      	ldr	r0, [sp, #16]
100019b4:	9905      	ldr	r1, [sp, #20]
100019b6:	1800      	adds	r0, r0, r0
100019b8:	4149      	adcs	r1, r1
100019ba:	2b00      	cmp	r3, #0
100019bc:	d000      	beq.n	100019c0 <__wrap_remquo+0x14c>
100019be:	e0a6      	b.n	10001b0e <__wrap_remquo+0x29a>
100019c0:	9b06      	ldr	r3, [sp, #24]
100019c2:	9c07      	ldr	r4, [sp, #28]
100019c4:	1a1b      	subs	r3, r3, r0
100019c6:	418c      	sbcs	r4, r1
100019c8:	9306      	str	r3, [sp, #24]
100019ca:	9407      	str	r4, [sp, #28]
100019cc:	4644      	mov	r4, r8
100019ce:	2301      	movs	r3, #1
100019d0:	9a01      	ldr	r2, [sp, #4]
100019d2:	2a00      	cmp	r2, #0
100019d4:	da00      	bge.n	100019d8 <__wrap_remquo+0x164>
100019d6:	425b      	negs	r3, r3
100019d8:	9a12      	ldr	r2, [sp, #72]	@ 0x48
100019da:	2a00      	cmp	r2, #0
100019dc:	d000      	beq.n	100019e0 <__wrap_remquo+0x16c>
100019de:	6013      	str	r3, [r2, #0]
100019e0:	4a58      	ldr	r2, [pc, #352]	@ (10001b44 <__wrap_remquo+0x2d0>)
100019e2:	9806      	ldr	r0, [sp, #24]
100019e4:	9907      	ldr	r1, [sp, #28]
100019e6:	1b12      	subs	r2, r2, r4
100019e8:	f7ff fec6 	bl	10001778 <fix642double>
100019ec:	0002      	movs	r2, r0
100019ee:	000b      	movs	r3, r1
100019f0:	e7d0      	b.n	10001994 <__wrap_remquo+0x120>
100019f2:	2d00      	cmp	r5, #0
100019f4:	dd01      	ble.n	100019fa <__wrap_remquo+0x186>
100019f6:	0033      	movs	r3, r6
100019f8:	e788      	b.n	1000190c <__wrap_remquo+0x98>
100019fa:	9904      	ldr	r1, [sp, #16]
100019fc:	9a05      	ldr	r2, [sp, #20]
100019fe:	9d06      	ldr	r5, [sp, #24]
10001a00:	9e07      	ldr	r6, [sp, #28]
10001a02:	42b2      	cmp	r2, r6
10001a04:	dc3b      	bgt.n	10001a7e <__wrap_remquo+0x20a>
10001a06:	d101      	bne.n	10001a0c <__wrap_remquo+0x198>
10001a08:	42a9      	cmp	r1, r5
10001a0a:	d838      	bhi.n	10001a7e <__wrap_remquo+0x20a>
10001a0c:	9d06      	ldr	r5, [sp, #24]
10001a0e:	9e07      	ldr	r6, [sp, #28]
10001a10:	9804      	ldr	r0, [sp, #16]
10001a12:	9905      	ldr	r1, [sp, #20]
10001a14:	1a2d      	subs	r5, r5, r0
10001a16:	418e      	sbcs	r6, r1
10001a18:	002a      	movs	r2, r5
10001a1a:	0033      	movs	r3, r6
10001a1c:	1952      	adds	r2, r2, r5
10001a1e:	4173      	adcs	r3, r6
10001a20:	9506      	str	r5, [sp, #24]
10001a22:	9607      	str	r6, [sp, #28]
10001a24:	428b      	cmp	r3, r1
10001a26:	dc47      	bgt.n	10001ab8 <__wrap_remquo+0x244>
10001a28:	d100      	bne.n	10001a2c <__wrap_remquo+0x1b8>
10001a2a:	e07a      	b.n	10001b22 <__wrap_remquo+0x2ae>
10001a2c:	9904      	ldr	r1, [sp, #16]
10001a2e:	4291      	cmp	r1, r2
10001a30:	d03f      	beq.n	10001ab2 <__wrap_remquo+0x23e>
10001a32:	2301      	movs	r3, #1
10001a34:	e7cc      	b.n	100019d0 <__wrap_remquo+0x15c>
10001a36:	2300      	movs	r3, #0
10001a38:	9d06      	ldr	r5, [sp, #24]
10001a3a:	9e07      	ldr	r6, [sp, #28]
10001a3c:	9904      	ldr	r1, [sp, #16]
10001a3e:	9a05      	ldr	r2, [sp, #20]
10001a40:	186d      	adds	r5, r5, r1
10001a42:	4156      	adcs	r6, r2
10001a44:	9506      	str	r5, [sp, #24]
10001a46:	9607      	str	r6, [sp, #28]
10001a48:	2e00      	cmp	r6, #0
10001a4a:	da6f      	bge.n	10001b2c <__wrap_remquo+0x2b8>
10001a4c:	186d      	adds	r5, r5, r1
10001a4e:	4156      	adcs	r6, r2
10001a50:	9506      	str	r5, [sp, #24]
10001a52:	9607      	str	r6, [sp, #28]
10001a54:	3b02      	subs	r3, #2
10001a56:	9d06      	ldr	r5, [sp, #24]
10001a58:	9e07      	ldr	r6, [sp, #28]
10001a5a:	0028      	movs	r0, r5
10001a5c:	0031      	movs	r1, r6
10001a5e:	1940      	adds	r0, r0, r5
10001a60:	4171      	adcs	r1, r6
10001a62:	9d04      	ldr	r5, [sp, #16]
10001a64:	9e05      	ldr	r6, [sp, #20]
10001a66:	000a      	movs	r2, r1
10001a68:	42b2      	cmp	r2, r6
10001a6a:	dc08      	bgt.n	10001a7e <__wrap_remquo+0x20a>
10001a6c:	d04c      	beq.n	10001b08 <__wrap_remquo+0x294>
10001a6e:	9904      	ldr	r1, [sp, #16]
10001a70:	4288      	cmp	r0, r1
10001a72:	d1ad      	bne.n	100019d0 <__wrap_remquo+0x15c>
10001a74:	9905      	ldr	r1, [sp, #20]
10001a76:	428a      	cmp	r2, r1
10001a78:	d1aa      	bne.n	100019d0 <__wrap_remquo+0x15c>
10001a7a:	07da      	lsls	r2, r3, #31
10001a7c:	d5a8      	bpl.n	100019d0 <__wrap_remquo+0x15c>
10001a7e:	9d06      	ldr	r5, [sp, #24]
10001a80:	9e07      	ldr	r6, [sp, #28]
10001a82:	9904      	ldr	r1, [sp, #16]
10001a84:	9a05      	ldr	r2, [sp, #20]
10001a86:	1a6d      	subs	r5, r5, r1
10001a88:	4196      	sbcs	r6, r2
10001a8a:	3301      	adds	r3, #1
10001a8c:	9506      	str	r5, [sp, #24]
10001a8e:	9607      	str	r6, [sp, #28]
10001a90:	e79e      	b.n	100019d0 <__wrap_remquo+0x15c>
10001a92:	9c04      	ldr	r4, [sp, #16]
10001a94:	9d05      	ldr	r5, [sp, #20]
10001a96:	9402      	str	r4, [sp, #8]
10001a98:	9503      	str	r5, [sp, #12]
10001a9a:	9c06      	ldr	r4, [sp, #24]
10001a9c:	9d07      	ldr	r5, [sp, #28]
10001a9e:	9a03      	ldr	r2, [sp, #12]
10001aa0:	4295      	cmp	r5, r2
10001aa2:	d103      	bne.n	10001aac <__wrap_remquo+0x238>
10001aa4:	9a02      	ldr	r2, [sp, #8]
10001aa6:	4294      	cmp	r4, r2
10001aa8:	d900      	bls.n	10001aac <__wrap_remquo+0x238>
10001aaa:	e782      	b.n	100019b2 <__wrap_remquo+0x13e>
10001aac:	0002      	movs	r2, r0
10001aae:	000b      	movs	r3, r1
10001ab0:	e770      	b.n	10001994 <__wrap_remquo+0x120>
10001ab2:	9a05      	ldr	r2, [sp, #20]
10001ab4:	429a      	cmp	r2, r3
10001ab6:	d1bc      	bne.n	10001a32 <__wrap_remquo+0x1be>
10001ab8:	2301      	movs	r3, #1
10001aba:	e7e0      	b.n	10001a7e <__wrap_remquo+0x20a>
10001abc:	465c      	mov	r4, fp
10001abe:	9904      	ldr	r1, [sp, #16]
10001ac0:	9a05      	ldr	r2, [sp, #20]
10001ac2:	4663      	mov	r3, ip
10001ac4:	9606      	str	r6, [sp, #24]
10001ac6:	9707      	str	r7, [sp, #28]
10001ac8:	42ba      	cmp	r2, r7
10001aca:	dc19      	bgt.n	10001b00 <__wrap_remquo+0x28c>
10001acc:	d014      	beq.n	10001af8 <__wrap_remquo+0x284>
10001ace:	9d06      	ldr	r5, [sp, #24]
10001ad0:	9e07      	ldr	r6, [sp, #28]
10001ad2:	9904      	ldr	r1, [sp, #16]
10001ad4:	9a05      	ldr	r2, [sp, #20]
10001ad6:	1a6d      	subs	r5, r5, r1
10001ad8:	4196      	sbcs	r6, r2
10001ada:	9506      	str	r5, [sp, #24]
10001adc:	9607      	str	r6, [sp, #28]
10001ade:	42b2      	cmp	r2, r6
10001ae0:	dc2a      	bgt.n	10001b38 <__wrap_remquo+0x2c4>
10001ae2:	d025      	beq.n	10001b30 <__wrap_remquo+0x2bc>
10001ae4:	9d06      	ldr	r5, [sp, #24]
10001ae6:	9e07      	ldr	r6, [sp, #28]
10001ae8:	9904      	ldr	r1, [sp, #16]
10001aea:	9a05      	ldr	r2, [sp, #20]
10001aec:	1a6d      	subs	r5, r5, r1
10001aee:	4196      	sbcs	r6, r2
10001af0:	3302      	adds	r3, #2
10001af2:	9506      	str	r5, [sp, #24]
10001af4:	9607      	str	r6, [sp, #28]
10001af6:	e7ae      	b.n	10001a56 <__wrap_remquo+0x1e2>
10001af8:	9a04      	ldr	r2, [sp, #16]
10001afa:	9906      	ldr	r1, [sp, #24]
10001afc:	428a      	cmp	r2, r1
10001afe:	d9e6      	bls.n	10001ace <__wrap_remquo+0x25a>
10001b00:	9a07      	ldr	r2, [sp, #28]
10001b02:	2a00      	cmp	r2, #0
10001b04:	daa7      	bge.n	10001a56 <__wrap_remquo+0x1e2>
10001b06:	e797      	b.n	10001a38 <__wrap_remquo+0x1c4>
10001b08:	42a8      	cmp	r0, r5
10001b0a:	d9b0      	bls.n	10001a6e <__wrap_remquo+0x1fa>
10001b0c:	e7b7      	b.n	10001a7e <__wrap_remquo+0x20a>
10001b0e:	9b06      	ldr	r3, [sp, #24]
10001b10:	9c07      	ldr	r4, [sp, #28]
10001b12:	1ac0      	subs	r0, r0, r3
10001b14:	41a1      	sbcs	r1, r4
10001b16:	2301      	movs	r3, #1
10001b18:	4644      	mov	r4, r8
10001b1a:	9006      	str	r0, [sp, #24]
10001b1c:	9107      	str	r1, [sp, #28]
10001b1e:	425b      	negs	r3, r3
10001b20:	e756      	b.n	100019d0 <__wrap_remquo+0x15c>
10001b22:	4282      	cmp	r2, r0
10001b24:	d800      	bhi.n	10001b28 <__wrap_remquo+0x2b4>
10001b26:	e781      	b.n	10001a2c <__wrap_remquo+0x1b8>
10001b28:	2301      	movs	r3, #1
10001b2a:	e7a8      	b.n	10001a7e <__wrap_remquo+0x20a>
10001b2c:	3b01      	subs	r3, #1
10001b2e:	e792      	b.n	10001a56 <__wrap_remquo+0x1e2>
10001b30:	9a04      	ldr	r2, [sp, #16]
10001b32:	9906      	ldr	r1, [sp, #24]
10001b34:	428a      	cmp	r2, r1
10001b36:	d9d5      	bls.n	10001ae4 <__wrap_remquo+0x270>
10001b38:	3301      	adds	r3, #1
10001b3a:	e78c      	b.n	10001a56 <__wrap_remquo+0x1e2>
10001b3c:	000007ff 	.word	0x000007ff
10001b40:	7ff00000 	.word	0x7ff00000
10001b44:	00000433 	.word	0x00000433

10001b48 <__wrap_remainder>:
10001b48:	b510      	push	{r4, lr}
10001b4a:	2400      	movs	r4, #0
10001b4c:	b082      	sub	sp, #8
10001b4e:	9400      	str	r4, [sp, #0]
10001b50:	f7ff fe90 	bl	10001874 <__wrap_remquo>
10001b54:	b002      	add	sp, #8
10001b56:	bd10      	pop	{r4, pc}

10001b58 <double_table_shim_on_use_helper>:
10001b58:	b507      	push	{r0, r1, r2, lr}
10001b5a:	4660      	mov	r0, ip
10001b5c:	8801      	ldrh	r1, [r0, #0]
10001b5e:	0a0a      	lsrs	r2, r1, #8
10001b60:	3002      	adds	r0, #2
10001b62:	2adf      	cmp	r2, #223	@ 0xdf
10001b64:	d1fa      	bne.n	10001b5c <double_table_shim_on_use_helper+0x4>
10001b66:	b2c9      	uxtb	r1, r1
10001b68:	0882      	lsrs	r2, r0, #2
10001b6a:	d304      	bcc.n	10001b76 <double_table_shim_on_use_helper+0x1e>
10001b6c:	8802      	ldrh	r2, [r0, #0]
10001b6e:	8840      	ldrh	r0, [r0, #2]
10001b70:	0400      	lsls	r0, r0, #16
10001b72:	4310      	orrs	r0, r2
10001b74:	e000      	b.n	10001b78 <double_table_shim_on_use_helper+0x20>
10001b76:	6800      	ldr	r0, [r0, #0]
10001b78:	4a01      	ldr	r2, [pc, #4]	@ (10001b80 <double_table_shim_on_use_helper+0x28>)
10001b7a:	5050      	str	r0, [r2, r1]
10001b7c:	9003      	str	r0, [sp, #12]
10001b7e:	bd07      	pop	{r0, r1, r2, pc}
10001b80:	20000470 	.word	0x20000470

10001b84 <drsub_shim>:
10001b84:	b40f      	push	{r0, r1, r2, r3}
10001b86:	bc03      	pop	{r0, r1}
10001b88:	bc0c      	pop	{r2, r3}

10001b8a <dsub_shim>:
10001b8a:	b5f0      	push	{r4, r5, r6, r7, lr}
10001b8c:	2401      	movs	r4, #1
10001b8e:	07e4      	lsls	r4, r4, #31
10001b90:	4063      	eors	r3, r4
10001b92:	e000      	b.n	10001b96 <da_entry>

10001b94 <dadd_shim>:
10001b94:	b5f0      	push	{r4, r5, r6, r7, lr}

10001b96 <da_entry>:
10001b96:	0d0c      	lsrs	r4, r1, #20
10001b98:	0fcf      	lsrs	r7, r1, #31
10001b9a:	1e66      	subs	r6, r4, #1
10001b9c:	0536      	lsls	r6, r6, #20
10001b9e:	1b89      	subs	r1, r1, r6
10001ba0:	0564      	lsls	r4, r4, #21
10001ba2:	d303      	bcc.n	10001bac <l8_1>
10001ba4:	43c9      	mvns	r1, r1
10001ba6:	4240      	negs	r0, r0
10001ba8:	d300      	bcc.n	10001bac <l8_1>
10001baa:	3101      	adds	r1, #1

10001bac <l8_1>:
10001bac:	0d64      	lsrs	r4, r4, #21
10001bae:	d003      	beq.n	10001bb8 <l8_2>
10001bb0:	1c66      	adds	r6, r4, #1
10001bb2:	0af6      	lsrs	r6, r6, #11
10001bb4:	d007      	beq.n	10001bc6 <l8_3>
10001bb6:	1be4      	subs	r4, r4, r7

10001bb8 <l8_2>:
10001bb8:	2000      	movs	r0, #0
10001bba:	007f      	lsls	r7, r7, #1
10001bbc:	1c79      	adds	r1, r7, #1
10001bbe:	0789      	lsls	r1, r1, #30
10001bc0:	1289      	asrs	r1, r1, #10
10001bc2:	3c80      	subs	r4, #128	@ 0x80
10001bc4:	0324      	lsls	r4, r4, #12

10001bc6 <l8_3>:
10001bc6:	0d1d      	lsrs	r5, r3, #20
10001bc8:	0fdf      	lsrs	r7, r3, #31
10001bca:	1e6e      	subs	r6, r5, #1
10001bcc:	0536      	lsls	r6, r6, #20
10001bce:	1b9b      	subs	r3, r3, r6
10001bd0:	056d      	lsls	r5, r5, #21
10001bd2:	d303      	bcc.n	10001bdc <l9_1>
10001bd4:	43db      	mvns	r3, r3
10001bd6:	4252      	negs	r2, r2
10001bd8:	d300      	bcc.n	10001bdc <l9_1>
10001bda:	3301      	adds	r3, #1

10001bdc <l9_1>:
10001bdc:	0d6d      	lsrs	r5, r5, #21
10001bde:	d003      	beq.n	10001be8 <l9_2>
10001be0:	1c6e      	adds	r6, r5, #1
10001be2:	0af6      	lsrs	r6, r6, #11
10001be4:	d007      	beq.n	10001bf6 <l9_3>
10001be6:	1bed      	subs	r5, r5, r7

10001be8 <l9_2>:
10001be8:	2200      	movs	r2, #0
10001bea:	007f      	lsls	r7, r7, #1
10001bec:	1c7b      	adds	r3, r7, #1
10001bee:	079b      	lsls	r3, r3, #30
10001bf0:	129b      	asrs	r3, r3, #10
10001bf2:	3d80      	subs	r5, #128	@ 0x80
10001bf4:	032d      	lsls	r5, r5, #12

10001bf6 <l9_3>:
10001bf6:	1b2f      	subs	r7, r5, r4
10001bf8:	1b66      	subs	r6, r4, r5
10001bfa:	d458      	bmi.n	10001cae <da_ygtx>
10001bfc:	46a4      	mov	ip, r4
10001bfe:	2e20      	cmp	r6, #32
10001c00:	da46      	bge.n	10001c90 <da_xrgty>
10001c02:	3720      	adds	r7, #32
10001c04:	0014      	movs	r4, r2
10001c06:	40bc      	lsls	r4, r7

10001c08 <da_xgty0>:
10001c08:	001d      	movs	r5, r3
10001c0a:	40bd      	lsls	r5, r7
10001c0c:	40f2      	lsrs	r2, r6
10001c0e:	4133      	asrs	r3, r6
10001c10:	432a      	orrs	r2, r5

10001c12 <da_add>:
10001c12:	1880      	adds	r0, r0, r2
10001c14:	4159      	adcs	r1, r3

10001c16 <da_pack>:
10001c16:	0fcb      	lsrs	r3, r1, #31
10001c18:	d005      	beq.n	10001c26 <da_pack+0x10>
10001c1a:	43c9      	mvns	r1, r1
10001c1c:	43c0      	mvns	r0, r0
10001c1e:	2200      	movs	r2, #0
10001c20:	4264      	negs	r4, r4
10001c22:	4150      	adcs	r0, r2
10001c24:	4151      	adcs	r1, r2
10001c26:	4662      	mov	r2, ip
10001c28:	0d4d      	lsrs	r5, r1, #21
10001c2a:	d128      	bne.n	10001c7e <da_0>
10001c2c:	0d0d      	lsrs	r5, r1, #20
10001c2e:	d107      	bne.n	10001c40 <da_1>
10001c30:	2800      	cmp	r0, #0
10001c32:	d01f      	beq.n	10001c74 <da_5>

10001c34 <da_2>:
10001c34:	1924      	adds	r4, r4, r4
10001c36:	4140      	adcs	r0, r0
10001c38:	4149      	adcs	r1, r1
10001c3a:	3a01      	subs	r2, #1
10001c3c:	0d0d      	lsrs	r5, r1, #20
10001c3e:	d0f9      	beq.n	10001c34 <da_2>

10001c40 <da_1>:
10001c40:	0064      	lsls	r4, r4, #1
10001c42:	d306      	bcc.n	10001c52 <da_3>

10001c44 <da_4>:
10001c44:	3001      	adds	r0, #1
10001c46:	d300      	bcc.n	10001c4a <da_4+0x6>
10001c48:	3101      	adds	r1, #1
10001c4a:	2c00      	cmp	r4, #0
10001c4c:	d101      	bne.n	10001c52 <da_3>
10001c4e:	0840      	lsrs	r0, r0, #1
10001c50:	0040      	lsls	r0, r0, #1

10001c52 <da_3>:
10001c52:	3a01      	subs	r2, #1
10001c54:	d40b      	bmi.n	10001c6e <da_6>
10001c56:	1c94      	adds	r4, r2, #2
10001c58:	0ae4      	lsrs	r4, r4, #11
10001c5a:	d104      	bne.n	10001c66 <da_7>
10001c5c:	0512      	lsls	r2, r2, #20
10001c5e:	4411      	add	r1, r2
10001c60:	07db      	lsls	r3, r3, #31
10001c62:	4419      	add	r1, r3
10001c64:	bdf0      	pop	{r4, r5, r6, r7, pc}

10001c66 <da_7>:
10001c66:	07d9      	lsls	r1, r3, #31
10001c68:	4b20      	ldr	r3, [pc, #128]	@ (10001cec <da_xmgty+0x4>)
10001c6a:	4319      	orrs	r1, r3
10001c6c:	e000      	b.n	10001c70 <da_6+0x2>

10001c6e <da_6>:
10001c6e:	07d9      	lsls	r1, r3, #31
10001c70:	2000      	movs	r0, #0
10001c72:	bdf0      	pop	{r4, r5, r6, r7, pc}

10001c74 <da_5>:
10001c74:	2900      	cmp	r1, #0
10001c76:	d1dd      	bne.n	10001c34 <da_2>
10001c78:	2c00      	cmp	r4, #0
10001c7a:	d1db      	bne.n	10001c34 <da_2>
10001c7c:	bdf0      	pop	{r4, r5, r6, r7, pc}

10001c7e <da_0>:
10001c7e:	3201      	adds	r2, #1
10001c80:	07c6      	lsls	r6, r0, #31
10001c82:	0840      	lsrs	r0, r0, #1
10001c84:	07cd      	lsls	r5, r1, #31
10001c86:	4328      	orrs	r0, r5
10001c88:	0849      	lsrs	r1, r1, #1
10001c8a:	2e00      	cmp	r6, #0
10001c8c:	d0e1      	beq.n	10001c52 <da_3>
10001c8e:	e7d9      	b.n	10001c44 <da_4>

10001c90 <da_xrgty>:
10001c90:	2e3c      	cmp	r6, #60	@ 0x3c
10001c92:	da29      	bge.n	10001ce8 <da_xmgty>
10001c94:	3e20      	subs	r6, #32
10001c96:	3740      	adds	r7, #64	@ 0x40
10001c98:	0014      	movs	r4, r2
10001c9a:	40bc      	lsls	r4, r7
10001c9c:	d000      	beq.n	10001ca0 <da_xrgty+0x10>
10001c9e:	2401      	movs	r4, #1
10001ca0:	40f2      	lsrs	r2, r6
10001ca2:	4314      	orrs	r4, r2
10001ca4:	001a      	movs	r2, r3
10001ca6:	40bb      	lsls	r3, r7
10001ca8:	431c      	orrs	r4, r3
10001caa:	17d3      	asrs	r3, r2, #31
10001cac:	e7ac      	b.n	10001c08 <da_xgty0>

10001cae <da_ygtx>:
10001cae:	46ac      	mov	ip, r5
10001cb0:	2f20      	cmp	r7, #32
10001cb2:	da08      	bge.n	10001cc6 <da_yrgtx>
10001cb4:	3620      	adds	r6, #32
10001cb6:	0004      	movs	r4, r0
10001cb8:	40b4      	lsls	r4, r6

10001cba <da_ygtx0>:
10001cba:	000d      	movs	r5, r1
10001cbc:	40b5      	lsls	r5, r6
10001cbe:	40f8      	lsrs	r0, r7
10001cc0:	4139      	asrs	r1, r7
10001cc2:	4328      	orrs	r0, r5
10001cc4:	e7a5      	b.n	10001c12 <da_add>

10001cc6 <da_yrgtx>:
10001cc6:	2f3c      	cmp	r7, #60	@ 0x3c
10001cc8:	da0c      	bge.n	10001ce4 <da_ymgtx>
10001cca:	3f20      	subs	r7, #32
10001ccc:	3640      	adds	r6, #64	@ 0x40
10001cce:	0004      	movs	r4, r0
10001cd0:	40b4      	lsls	r4, r6
10001cd2:	d000      	beq.n	10001cd6 <da_yrgtx+0x10>
10001cd4:	2401      	movs	r4, #1
10001cd6:	40f8      	lsrs	r0, r7
10001cd8:	4304      	orrs	r4, r0
10001cda:	0008      	movs	r0, r1
10001cdc:	40b1      	lsls	r1, r6
10001cde:	430c      	orrs	r4, r1
10001ce0:	17c1      	asrs	r1, r0, #31
10001ce2:	e7ea      	b.n	10001cba <da_ygtx0>

10001ce4 <da_ymgtx>:
10001ce4:	0010      	movs	r0, r2
10001ce6:	0019      	movs	r1, r3

10001ce8 <da_xmgty>:
10001ce8:	2400      	movs	r4, #0
10001cea:	e794      	b.n	10001c16 <da_pack>
10001cec:	7ff00000 	.word	0x7ff00000

10001cf0 <dmul_shim>:
10001cf0:	b5f0      	push	{r4, r5, r6, r7, lr}
10001cf2:	0d0c      	lsrs	r4, r1, #20
10001cf4:	1e66      	subs	r6, r4, #1
10001cf6:	0536      	lsls	r6, r6, #20
10001cf8:	1b89      	subs	r1, r1, r6
10001cfa:	0ae6      	lsrs	r6, r4, #11
10001cfc:	0564      	lsls	r4, r4, #21
10001cfe:	0d64      	lsrs	r4, r4, #21
10001d00:	d002      	beq.n	10001d08 <l12_1>
10001d02:	1c65      	adds	r5, r4, #1
10001d04:	0aed      	lsrs	r5, r5, #11
10001d06:	d004      	beq.n	10001d12 <l12_2>

10001d08 <l12_1>:
10001d08:	2000      	movs	r0, #0
10001d0a:	2101      	movs	r1, #1
10001d0c:	0509      	lsls	r1, r1, #20
10001d0e:	3c80      	subs	r4, #128	@ 0x80
10001d10:	0324      	lsls	r4, r4, #12

10001d12 <l12_2>:
10001d12:	46a4      	mov	ip, r4
10001d14:	0d1c      	lsrs	r4, r3, #20
10001d16:	1e67      	subs	r7, r4, #1
10001d18:	053f      	lsls	r7, r7, #20
10001d1a:	1bdb      	subs	r3, r3, r7
10001d1c:	0ae7      	lsrs	r7, r4, #11
10001d1e:	0564      	lsls	r4, r4, #21
10001d20:	0d64      	lsrs	r4, r4, #21
10001d22:	d002      	beq.n	10001d2a <l13_1>
10001d24:	1c65      	adds	r5, r4, #1
10001d26:	0aed      	lsrs	r5, r5, #11
10001d28:	d004      	beq.n	10001d34 <l13_2>

10001d2a <l13_1>:
10001d2a:	2200      	movs	r2, #0
10001d2c:	2301      	movs	r3, #1
10001d2e:	051b      	lsls	r3, r3, #20
10001d30:	3c80      	subs	r4, #128	@ 0x80
10001d32:	0324      	lsls	r4, r4, #12

10001d34 <l13_2>:
10001d34:	4077      	eors	r7, r6
10001d36:	4464      	add	r4, ip
10001d38:	b497      	push	{r0, r1, r2, r4, r7}
10001d3a:	b284      	uxth	r4, r0
10001d3c:	b296      	uxth	r6, r2
10001d3e:	4374      	muls	r4, r6
10001d40:	0c07      	lsrs	r7, r0, #16
10001d42:	437e      	muls	r6, r7
10001d44:	0c15      	lsrs	r5, r2, #16
10001d46:	436f      	muls	r7, r5
10001d48:	b280      	uxth	r0, r0
10001d4a:	4368      	muls	r0, r5
10001d4c:	1836      	adds	r6, r6, r0
10001d4e:	d302      	bcc.n	10001d56 <l14_1>
10001d50:	2001      	movs	r0, #1
10001d52:	0400      	lsls	r0, r0, #16
10001d54:	183f      	adds	r7, r7, r0

10001d56 <l14_1>:
10001d56:	0430      	lsls	r0, r6, #16
10001d58:	0c35      	lsrs	r5, r6, #16
10001d5a:	1900      	adds	r0, r0, r4
10001d5c:	417d      	adcs	r5, r7
10001d5e:	4684      	mov	ip, r0
10001d60:	b288      	uxth	r0, r1
10001d62:	b29a      	uxth	r2, r3
10001d64:	4350      	muls	r0, r2
10001d66:	0c0c      	lsrs	r4, r1, #16
10001d68:	4362      	muls	r2, r4
10001d6a:	0c1f      	lsrs	r7, r3, #16
10001d6c:	437c      	muls	r4, r7
10001d6e:	b28e      	uxth	r6, r1
10001d70:	437e      	muls	r6, r7
10001d72:	1992      	adds	r2, r2, r6
10001d74:	d302      	bcc.n	10001d7c <l15_1>
10001d76:	2601      	movs	r6, #1
10001d78:	0436      	lsls	r6, r6, #16
10001d7a:	19a4      	adds	r4, r4, r6

10001d7c <l15_1>:
10001d7c:	0416      	lsls	r6, r2, #16
10001d7e:	0c17      	lsrs	r7, r2, #16
10001d80:	1836      	adds	r6, r6, r0
10001d82:	4167      	adcs	r7, r4
10001d84:	bc01      	pop	{r0}
10001d86:	b281      	uxth	r1, r0
10001d88:	b29a      	uxth	r2, r3
10001d8a:	4351      	muls	r1, r2
10001d8c:	0c04      	lsrs	r4, r0, #16
10001d8e:	4362      	muls	r2, r4
10001d90:	0c1b      	lsrs	r3, r3, #16
10001d92:	435c      	muls	r4, r3
10001d94:	b280      	uxth	r0, r0
10001d96:	4358      	muls	r0, r3
10001d98:	1812      	adds	r2, r2, r0
10001d9a:	d302      	bcc.n	10001da2 <l16_1>
10001d9c:	2001      	movs	r0, #1
10001d9e:	0400      	lsls	r0, r0, #16
10001da0:	1824      	adds	r4, r4, r0

10001da2 <l16_1>:
10001da2:	0410      	lsls	r0, r2, #16
10001da4:	0c13      	lsrs	r3, r2, #16
10001da6:	1840      	adds	r0, r0, r1
10001da8:	4163      	adcs	r3, r4
10001daa:	182d      	adds	r5, r5, r0
10001dac:	415e      	adcs	r6, r3
10001dae:	2000      	movs	r0, #0
10001db0:	4147      	adcs	r7, r0
10001db2:	bc06      	pop	{r1, r2}
10001db4:	b288      	uxth	r0, r1
10001db6:	b293      	uxth	r3, r2
10001db8:	4358      	muls	r0, r3
10001dba:	0c0c      	lsrs	r4, r1, #16
10001dbc:	4363      	muls	r3, r4
10001dbe:	0c12      	lsrs	r2, r2, #16
10001dc0:	4354      	muls	r4, r2
10001dc2:	b289      	uxth	r1, r1
10001dc4:	4351      	muls	r1, r2
10001dc6:	185b      	adds	r3, r3, r1
10001dc8:	d302      	bcc.n	10001dd0 <l17_1>
10001dca:	2101      	movs	r1, #1
10001dcc:	0409      	lsls	r1, r1, #16
10001dce:	1864      	adds	r4, r4, r1

10001dd0 <l17_1>:
10001dd0:	0419      	lsls	r1, r3, #16
10001dd2:	0c1a      	lsrs	r2, r3, #16
10001dd4:	1809      	adds	r1, r1, r0
10001dd6:	4162      	adcs	r2, r4
10001dd8:	186d      	adds	r5, r5, r1
10001dda:	4156      	adcs	r6, r2
10001ddc:	2000      	movs	r0, #0
10001dde:	4147      	adcs	r7, r0
10001de0:	bc18      	pop	{r3, r4}
10001de2:	02f9      	lsls	r1, r7, #11
10001de4:	0d72      	lsrs	r2, r6, #21
10001de6:	4311      	orrs	r1, r2
10001de8:	02f0      	lsls	r0, r6, #11
10001dea:	0d6a      	lsrs	r2, r5, #21
10001dec:	4310      	orrs	r0, r2
10001dee:	02ed      	lsls	r5, r5, #11
10001df0:	0d0a      	lsrs	r2, r1, #20
10001df2:	d103      	bne.n	10001dfc <l17_1+0x2c>
10001df4:	196d      	adds	r5, r5, r5
10001df6:	4140      	adcs	r0, r0
10001df8:	4149      	adcs	r1, r1
10001dfa:	3b01      	subs	r3, #1
10001dfc:	4e12      	ldr	r6, [pc, #72]	@ (10001e48 <dm_1+0xa>)
10001dfe:	1b9b      	subs	r3, r3, r6
10001e00:	0076      	lsls	r6, r6, #1
10001e02:	42b3      	cmp	r3, r6
10001e04:	d20e      	bcs.n	10001e24 <dm_0>
10001e06:	006d      	lsls	r5, r5, #1
10001e08:	d307      	bcc.n	10001e1a <l17_1+0x4a>
10001e0a:	3001      	adds	r0, #1
10001e0c:	2600      	movs	r6, #0
10001e0e:	4171      	adcs	r1, r6
10001e10:	4666      	mov	r6, ip
10001e12:	4335      	orrs	r5, r6
10001e14:	d101      	bne.n	10001e1a <l17_1+0x4a>
10001e16:	0840      	lsrs	r0, r0, #1
10001e18:	0040      	lsls	r0, r0, #1
10001e1a:	051b      	lsls	r3, r3, #20
10001e1c:	18c9      	adds	r1, r1, r3

10001e1e <dm_2>:
10001e1e:	07e4      	lsls	r4, r4, #31
10001e20:	4421      	add	r1, r4
10001e22:	bdf0      	pop	{r4, r5, r6, r7, pc}

10001e24 <dm_0>:
10001e24:	da0b      	bge.n	10001e3e <dm_1>
10001e26:	3301      	adds	r3, #1
10001e28:	d106      	bne.n	10001e38 <dm_0+0x14>
10001e2a:	3001      	adds	r0, #1
10001e2c:	d104      	bne.n	10001e38 <dm_0+0x14>
10001e2e:	3101      	adds	r1, #1
10001e30:	0d4f      	lsrs	r7, r1, #21
10001e32:	d001      	beq.n	10001e38 <dm_0+0x14>
10001e34:	0849      	lsrs	r1, r1, #1
10001e36:	e7f2      	b.n	10001e1e <dm_2>
10001e38:	07e1      	lsls	r1, r4, #31
10001e3a:	2000      	movs	r0, #0
10001e3c:	bdf0      	pop	{r4, r5, r6, r7, pc}

10001e3e <dm_1>:
10001e3e:	3601      	adds	r6, #1
10001e40:	0531      	lsls	r1, r6, #20
10001e42:	2000      	movs	r0, #0
10001e44:	e7eb      	b.n	10001e1e <dm_2>
10001e46:	0000      	.short	0x0000
10001e48:	000003ff 	.word	0x000003ff

10001e4c <ddiv_shim>:
10001e4c:	b5f0      	push	{r4, r5, r6, r7, lr}

10001e4e <ddiv0>:
10001e4e:	0d1c      	lsrs	r4, r3, #20
10001e50:	1e67      	subs	r7, r4, #1
10001e52:	053f      	lsls	r7, r7, #20
10001e54:	1bdb      	subs	r3, r3, r7
10001e56:	0ae7      	lsrs	r7, r4, #11
10001e58:	0564      	lsls	r4, r4, #21
10001e5a:	0d64      	lsrs	r4, r4, #21
10001e5c:	d002      	beq.n	10001e64 <l20_1>
10001e5e:	1c66      	adds	r6, r4, #1
10001e60:	0af6      	lsrs	r6, r6, #11
10001e62:	d004      	beq.n	10001e6e <l20_2>

10001e64 <l20_1>:
10001e64:	2200      	movs	r2, #0
10001e66:	2301      	movs	r3, #1
10001e68:	051b      	lsls	r3, r3, #20
10001e6a:	3c80      	subs	r4, #128	@ 0x80
10001e6c:	0324      	lsls	r4, r4, #12

10001e6e <l20_2>:
10001e6e:	25d0      	movs	r5, #208	@ 0xd0
10001e70:	062d      	lsls	r5, r5, #24
10001e72:	2600      	movs	r6, #0
10001e74:	43f6      	mvns	r6, r6
10001e76:	662e      	str	r6, [r5, #96]	@ 0x60
10001e78:	091e      	lsrs	r6, r3, #4
10001e7a:	666e      	str	r6, [r5, #100]	@ 0x64
10001e7c:	0fce      	lsrs	r6, r1, #31
10001e7e:	19f6      	adds	r6, r6, r7
10001e80:	46b4      	mov	ip, r6
10001e82:	0049      	lsls	r1, r1, #1
10001e84:	0d4f      	lsrs	r7, r1, #21
10001e86:	d002      	beq.n	10001e8e <l20_2+0x20>
10001e88:	1c7e      	adds	r6, r7, #1
10001e8a:	0af6      	lsrs	r6, r6, #11
10001e8c:	d003      	beq.n	10001e96 <l20_2+0x28>
10001e8e:	2000      	movs	r0, #0
10001e90:	2100      	movs	r1, #0
10001e92:	3f40      	subs	r7, #64	@ 0x40
10001e94:	033f      	lsls	r7, r7, #12
10001e96:	1b3e      	subs	r6, r7, r4
10001e98:	00b6      	lsls	r6, r6, #2
10001e9a:	44b4      	add	ip, r6
10001e9c:	3f01      	subs	r7, #1
10001e9e:	057f      	lsls	r7, r7, #21
10001ea0:	1bc9      	subs	r1, r1, r7
10001ea2:	0849      	lsrs	r1, r1, #1
10001ea4:	6f2e      	ldr	r6, [r5, #112]	@ 0x70
10001ea6:	3601      	adds	r6, #1
10001ea8:	0876      	lsrs	r6, r6, #1
10001eaa:	029c      	lsls	r4, r3, #10
10001eac:	0d95      	lsrs	r5, r2, #22
10001eae:	4325      	orrs	r5, r4
10001eb0:	4375      	muls	r5, r6
10001eb2:	13ed      	asrs	r5, r5, #15
10001eb4:	4375      	muls	r5, r6
10001eb6:	13ad      	asrs	r5, r5, #14
10001eb8:	3501      	adds	r5, #1
10001eba:	106d      	asrs	r5, r5, #1
10001ebc:	03f6      	lsls	r6, r6, #15
10001ebe:	1b76      	subs	r6, r6, r5
10001ec0:	b40c      	push	{r2, r3}
10001ec2:	02cc      	lsls	r4, r1, #11
10001ec4:	0d45      	lsrs	r5, r0, #21
10001ec6:	432c      	orrs	r4, r5
10001ec8:	b2a2      	uxth	r2, r4
10001eca:	b2b3      	uxth	r3, r6
10001ecc:	435a      	muls	r2, r3
10001ece:	0c27      	lsrs	r7, r4, #16
10001ed0:	437b      	muls	r3, r7
10001ed2:	0c35      	lsrs	r5, r6, #16
10001ed4:	436f      	muls	r7, r5
10001ed6:	b2a4      	uxth	r4, r4
10001ed8:	436c      	muls	r4, r5
10001eda:	191b      	adds	r3, r3, r4
10001edc:	d302      	bcc.n	10001ee4 <l21_1>
10001ede:	2401      	movs	r4, #1
10001ee0:	0424      	lsls	r4, r4, #16
10001ee2:	193f      	adds	r7, r7, r4

10001ee4 <l21_1>:
10001ee4:	041c      	lsls	r4, r3, #16
10001ee6:	0c1d      	lsrs	r5, r3, #16
10001ee8:	18a4      	adds	r4, r4, r2
10001eea:	417d      	adcs	r5, r7
10001eec:	1924      	adds	r4, r4, r4
10001eee:	416d      	adcs	r5, r5
10001ef0:	9a00      	ldr	r2, [sp, #0]
10001ef2:	b291      	uxth	r1, r2
10001ef4:	b2ac      	uxth	r4, r5
10001ef6:	4361      	muls	r1, r4
10001ef8:	0c17      	lsrs	r7, r2, #16
10001efa:	437c      	muls	r4, r7
10001efc:	0c2b      	lsrs	r3, r5, #16
10001efe:	435f      	muls	r7, r3
10001f00:	b292      	uxth	r2, r2
10001f02:	435a      	muls	r2, r3
10001f04:	18a4      	adds	r4, r4, r2
10001f06:	d302      	bcc.n	10001f0e <l22_1>
10001f08:	2201      	movs	r2, #1
10001f0a:	0412      	lsls	r2, r2, #16
10001f0c:	18bf      	adds	r7, r7, r2

10001f0e <l22_1>:
10001f0e:	0422      	lsls	r2, r4, #16
10001f10:	0c23      	lsrs	r3, r4, #16
10001f12:	1852      	adds	r2, r2, r1
10001f14:	417b      	adcs	r3, r7
10001f16:	9c01      	ldr	r4, [sp, #4]
10001f18:	436c      	muls	r4, r5
10001f1a:	191b      	adds	r3, r3, r4
10001f1c:	0e52      	lsrs	r2, r2, #25
10001f1e:	01d9      	lsls	r1, r3, #7
10001f20:	430a      	orrs	r2, r1
10001f22:	0144      	lsls	r4, r0, #5
10001f24:	1aa0      	subs	r0, r4, r2
10001f26:	b281      	uxth	r1, r0
10001f28:	b2b2      	uxth	r2, r6
10001f2a:	4351      	muls	r1, r2
10001f2c:	1403      	asrs	r3, r0, #16
10001f2e:	435a      	muls	r2, r3
10001f30:	0c36      	lsrs	r6, r6, #16
10001f32:	4373      	muls	r3, r6
10001f34:	b287      	uxth	r7, r0
10001f36:	4377      	muls	r7, r6
10001f38:	17d6      	asrs	r6, r2, #31
10001f3a:	19d2      	adds	r2, r2, r7
10001f3c:	2700      	movs	r7, #0
10001f3e:	417e      	adcs	r6, r7
10001f40:	0436      	lsls	r6, r6, #16
10001f42:	199b      	adds	r3, r3, r6
10001f44:	0417      	lsls	r7, r2, #16
10001f46:	0c16      	lsrs	r6, r2, #16
10001f48:	187f      	adds	r7, r7, r1
10001f4a:	415e      	adcs	r6, r3
10001f4c:	1673      	asrs	r3, r6, #25
10001f4e:	18ed      	adds	r5, r5, r3
10001f50:	01f3      	lsls	r3, r6, #7
10001f52:	2600      	movs	r6, #0
10001f54:	3380      	adds	r3, #128	@ 0x80
10001f56:	4175      	adcs	r5, r6
10001f58:	0fa9      	lsrs	r1, r5, #30
10001f5a:	d106      	bne.n	10001f6a <dd_0>
10001f5c:	0064      	lsls	r4, r4, #1
10001f5e:	0a69      	lsrs	r1, r5, #9
10001f60:	05e8      	lsls	r0, r5, #23
10001f62:	0a5b      	lsrs	r3, r3, #9
10001f64:	4318      	orrs	r0, r3
10001f66:	d209      	bcs.n	10001f7c <dd_1>
10001f68:	e02f      	b.n	10001fca <dd_2>

10001f6a <dd_0>:
10001f6a:	2204      	movs	r2, #4
10001f6c:	4494      	add	ip, r2
10001f6e:	3380      	adds	r3, #128	@ 0x80
10001f70:	4175      	adcs	r5, r6
10001f72:	0aa9      	lsrs	r1, r5, #10
10001f74:	05a8      	lsls	r0, r5, #22
10001f76:	0a9b      	lsrs	r3, r3, #10
10001f78:	4318      	orrs	r0, r3
10001f7a:	d326      	bcc.n	10001fca <dd_2>

10001f7c <dd_1>:
10001f7c:	4140      	adcs	r0, r0
10001f7e:	4149      	adcs	r1, r1
10001f80:	0424      	lsls	r4, r4, #16
10001f82:	9a00      	ldr	r2, [sp, #0]
10001f84:	9b01      	ldr	r3, [sp, #4]
10001f86:	000d      	movs	r5, r1
10001f88:	4355      	muls	r5, r2
10001f8a:	1b64      	subs	r4, r4, r5
10001f8c:	4343      	muls	r3, r0
10001f8e:	1ae4      	subs	r4, r4, r3
10001f90:	b295      	uxth	r5, r2
10001f92:	b286      	uxth	r6, r0
10001f94:	4375      	muls	r5, r6
10001f96:	0c17      	lsrs	r7, r2, #16
10001f98:	437e      	muls	r6, r7
10001f9a:	0c03      	lsrs	r3, r0, #16
10001f9c:	435f      	muls	r7, r3
10001f9e:	b292      	uxth	r2, r2
10001fa0:	435a      	muls	r2, r3
10001fa2:	18b6      	adds	r6, r6, r2
10001fa4:	d302      	bcc.n	10001fac <l24_1>
10001fa6:	2201      	movs	r2, #1
10001fa8:	0412      	lsls	r2, r2, #16
10001faa:	18bf      	adds	r7, r7, r2

10001fac <l24_1>:
10001fac:	0432      	lsls	r2, r6, #16
10001fae:	0c33      	lsrs	r3, r6, #16
10001fb0:	1952      	adds	r2, r2, r5
10001fb2:	417b      	adcs	r3, r7
10001fb4:	4252      	negs	r2, r2
10001fb6:	419c      	sbcs	r4, r3
10001fb8:	2c00      	cmp	r4, #0
10001fba:	d402      	bmi.n	10001fc2 <l24_1+0x16>
10001fbc:	2200      	movs	r2, #0
10001fbe:	3001      	adds	r0, #1
10001fc0:	4151      	adcs	r1, r2
10001fc2:	0840      	lsrs	r0, r0, #1
10001fc4:	07ca      	lsls	r2, r1, #31
10001fc6:	4310      	orrs	r0, r2
10001fc8:	0849      	lsrs	r1, r1, #1

10001fca <dd_2>:
10001fca:	b002      	add	sp, #8
10001fcc:	4662      	mov	r2, ip
10001fce:	07d7      	lsls	r7, r2, #31
10001fd0:	1092      	asrs	r2, r2, #2
10001fd2:	4b08      	ldr	r3, [pc, #32]	@ (10001ff4 <dd_4+0x6>)
10001fd4:	18d2      	adds	r2, r2, r3
10001fd6:	4b08      	ldr	r3, [pc, #32]	@ (10001ff8 <dd_4+0xa>)
10001fd8:	429a      	cmp	r2, r3
10001fda:	d203      	bcs.n	10001fe4 <dd_3>
10001fdc:	0512      	lsls	r2, r2, #20
10001fde:	1889      	adds	r1, r1, r2

10001fe0 <dd_5>:
10001fe0:	19c9      	adds	r1, r1, r7
10001fe2:	bdf0      	pop	{r4, r5, r6, r7, pc}

10001fe4 <dd_3>:
10001fe4:	2000      	movs	r0, #0
10001fe6:	2a00      	cmp	r2, #0
10001fe8:	dc01      	bgt.n	10001fee <dd_4>
10001fea:	0039      	movs	r1, r7
10001fec:	bdf0      	pop	{r4, r5, r6, r7, pc}

10001fee <dd_4>:
10001fee:	3301      	adds	r3, #1
10001ff0:	0519      	lsls	r1, r3, #20
10001ff2:	e7f5      	b.n	10001fe0 <dd_5>
10001ff4:	000003fd 	.word	0x000003fd
10001ff8:	000007fe 	.word	0x000007fe

10001ffc <dcordic_vec_step>:
10001ffc:	4662      	mov	r2, ip
10001ffe:	ca18      	ldmia	r2!, {r3, r4}
10002000:	4694      	mov	ip, r2
10002002:	465a      	mov	r2, fp
10002004:	2a00      	cmp	r2, #0
10002006:	db20      	blt.n	1000204a <dcordic_rot_step+0x40>
10002008:	e004      	b.n	10002014 <dcordic_rot_step+0xa>

1000200a <dcordic_rot_step>:
1000200a:	4662      	mov	r2, ip
1000200c:	ca18      	ldmia	r2!, {r3, r4}
1000200e:	4694      	mov	ip, r2
10002010:	2900      	cmp	r1, #0
10002012:	da1a      	bge.n	1000204a <dcordic_rot_step+0x40>
10002014:	18c0      	adds	r0, r0, r3
10002016:	4161      	adcs	r1, r4
10002018:	465b      	mov	r3, fp
1000201a:	413b      	asrs	r3, r7
1000201c:	465c      	mov	r4, fp
1000201e:	40b4      	lsls	r4, r6
10002020:	4652      	mov	r2, sl
10002022:	40fa      	lsrs	r2, r7
10002024:	4322      	orrs	r2, r4
10002026:	4644      	mov	r4, r8
10002028:	464d      	mov	r5, r9
1000202a:	4162      	adcs	r2, r4
1000202c:	416b      	adcs	r3, r5
1000202e:	4690      	mov	r8, r2
10002030:	4699      	mov	r9, r3
10002032:	462b      	mov	r3, r5
10002034:	40b3      	lsls	r3, r6
10002036:	413d      	asrs	r5, r7
10002038:	40fc      	lsrs	r4, r7
1000203a:	431c      	orrs	r4, r3
1000203c:	4652      	mov	r2, sl
1000203e:	465b      	mov	r3, fp
10002040:	41a2      	sbcs	r2, r4
10002042:	41ab      	sbcs	r3, r5
10002044:	4692      	mov	sl, r2
10002046:	469b      	mov	fp, r3
10002048:	4770      	bx	lr
1000204a:	1ac0      	subs	r0, r0, r3
1000204c:	41a1      	sbcs	r1, r4
1000204e:	464b      	mov	r3, r9
10002050:	413b      	asrs	r3, r7
10002052:	464c      	mov	r4, r9
10002054:	40b4      	lsls	r4, r6
10002056:	4642      	mov	r2, r8
10002058:	40fa      	lsrs	r2, r7
1000205a:	4322      	orrs	r2, r4
1000205c:	4654      	mov	r4, sl
1000205e:	465d      	mov	r5, fp
10002060:	4162      	adcs	r2, r4
10002062:	416b      	adcs	r3, r5
10002064:	4692      	mov	sl, r2
10002066:	469b      	mov	fp, r3
10002068:	462b      	mov	r3, r5
1000206a:	40b3      	lsls	r3, r6
1000206c:	413d      	asrs	r5, r7
1000206e:	40fc      	lsrs	r4, r7
10002070:	431c      	orrs	r4, r3
10002072:	4642      	mov	r2, r8
10002074:	464b      	mov	r3, r9
10002076:	41a2      	sbcs	r2, r4
10002078:	41ab      	sbcs	r3, r5
1000207a:	4690      	mov	r8, r2
1000207c:	4699      	mov	r9, r3
1000207e:	4770      	bx	lr

10002080 <double2int64_shim>:
10002080:	2200      	movs	r2, #0

10002082 <double2fix64_shim>:
10002082:	b500      	push	{lr}
10002084:	f000 f80d 	bl	100020a2 <d2fix>
10002088:	17ca      	asrs	r2, r1, #31
1000208a:	429a      	cmp	r2, r3
1000208c:	d100      	bne.n	10002090 <double2fix64_shim+0xe>
1000208e:	bd00      	pop	{pc}
10002090:	43d8      	mvns	r0, r3
10002092:	2101      	movs	r1, #1
10002094:	07c9      	lsls	r1, r1, #31
10002096:	4041      	eors	r1, r0
10002098:	bd00      	pop	{pc}
	...

1000209c <double2uint64_shim>:
1000209c:	2200      	movs	r2, #0

1000209e <double2ufix64_shim>:
1000209e:	150b      	asrs	r3, r1, #20
100020a0:	d40a      	bmi.n	100020b8 <ret_dzero>

100020a2 <d2fix>:
100020a2:	b510      	push	{r4, lr}
100020a4:	4694      	mov	ip, r2
100020a6:	f000 f879 	bl	1000219c <dunpacks>
100020aa:	1414      	asrs	r4, r2, #16
100020ac:	3401      	adds	r4, #1
100020ae:	da00      	bge.n	100020b2 <d2fix+0x10>
100020b0:	2100      	movs	r1, #0
100020b2:	17cb      	asrs	r3, r1, #31
100020b4:	4c14      	ldr	r4, [pc, #80]	@ (10002108 <d2fix_a+0x4a>)
100020b6:	4720      	bx	r4

100020b8 <ret_dzero>:
100020b8:	2000      	movs	r0, #0
100020ba:	2100      	movs	r1, #0
100020bc:	4770      	bx	lr

100020be <d2fix_a>:
100020be:	4462      	add	r2, ip
100020c0:	3a34      	subs	r2, #52	@ 0x34
100020c2:	d40c      	bmi.n	100020de <d2fix_a+0x20>
100020c4:	2a0c      	cmp	r2, #12
100020c6:	da07      	bge.n	100020d8 <d2fix_a+0x1a>
100020c8:	0004      	movs	r4, r0
100020ca:	4091      	lsls	r1, r2
100020cc:	4090      	lsls	r0, r2
100020ce:	4252      	negs	r2, r2
100020d0:	3220      	adds	r2, #32
100020d2:	40d4      	lsrs	r4, r2
100020d4:	4321      	orrs	r1, r4
100020d6:	bd10      	pop	{r4, pc}
100020d8:	43d8      	mvns	r0, r3
100020da:	43d9      	mvns	r1, r3
100020dc:	bd10      	pop	{r4, pc}
100020de:	3220      	adds	r2, #32
100020e0:	d407      	bmi.n	100020f2 <d2fix_a+0x34>
100020e2:	460c      	mov	r4, r1
100020e4:	4094      	lsls	r4, r2
100020e6:	4252      	negs	r2, r2
100020e8:	3220      	adds	r2, #32
100020ea:	4111      	asrs	r1, r2
100020ec:	40d0      	lsrs	r0, r2
100020ee:	4320      	orrs	r0, r4
100020f0:	bd10      	pop	{r4, pc}
100020f2:	0008      	movs	r0, r1
100020f4:	17c9      	asrs	r1, r1, #31
100020f6:	3220      	adds	r2, #32
100020f8:	d403      	bmi.n	10002102 <d2fix_a+0x44>
100020fa:	4252      	negs	r2, r2
100020fc:	3220      	adds	r2, #32
100020fe:	4110      	asrs	r0, r2
10002100:	bd10      	pop	{r4, pc}
10002102:	0018      	movs	r0, r3
10002104:	0019      	movs	r1, r3
10002106:	bd10      	pop	{r4, pc}
10002108:	100020bf 	.word	0x100020bf

1000210c <uint2double_shim>:
1000210c:	2100      	movs	r1, #0

1000210e <ufix2double_shim>:
1000210e:	000a      	movs	r2, r1
10002110:	2100      	movs	r1, #0
10002112:	e004      	b.n	1000211e <ufix642double_shim>

10002114 <int2double_shim>:
10002114:	2100      	movs	r1, #0

10002116 <fix2double_shim>:
10002116:	000a      	movs	r2, r1
10002118:	17c1      	asrs	r1, r0, #31
1000211a:	e004      	b.n	10002126 <fix642double_shim>

1000211c <uint642double_shim>:
1000211c:	2200      	movs	r2, #0

1000211e <ufix642double_shim>:
1000211e:	2300      	movs	r3, #0
10002120:	e006      	b.n	10002130 <uf2d>
10002122:	46c0      	nop			@ (mov r8, r8)

10002124 <int642double_shim>:
10002124:	2200      	movs	r2, #0

10002126 <fix642double_shim>:
10002126:	17cb      	asrs	r3, r1, #31
10002128:	4058      	eors	r0, r3
1000212a:	4059      	eors	r1, r3
1000212c:	1ac0      	subs	r0, r0, r3
1000212e:	4199      	sbcs	r1, r3

10002130 <uf2d>:
10002130:	b530      	push	{r4, r5, lr}
10002132:	4c18      	ldr	r4, [pc, #96]	@ (10002194 <uf2d+0x64>)
10002134:	1aa2      	subs	r2, r4, r2
10002136:	2900      	cmp	r1, #0
10002138:	d103      	bne.n	10002142 <uf2d+0x12>
1000213a:	0001      	movs	r1, r0
1000213c:	d010      	beq.n	10002160 <uf2d+0x30>
1000213e:	2000      	movs	r0, #0
10002140:	3a20      	subs	r2, #32
10002142:	154c      	asrs	r4, r1, #21
10002144:	d112      	bne.n	1000216c <uf2d+0x3c>
10002146:	d204      	bcs.n	10002152 <uf2d+0x22>
10002148:	3a01      	subs	r2, #1
1000214a:	1800      	adds	r0, r0, r0
1000214c:	4149      	adcs	r1, r1
1000214e:	0d4c      	lsrs	r4, r1, #21
10002150:	d3fa      	bcc.n	10002148 <uf2d+0x18>
10002152:	4c11      	ldr	r4, [pc, #68]	@ (10002198 <uf2d+0x68>)
10002154:	42a2      	cmp	r2, r4
10002156:	d204      	bcs.n	10002162 <uf2d+0x32>
10002158:	0512      	lsls	r2, r2, #20
1000215a:	1889      	adds	r1, r1, r2
1000215c:	07db      	lsls	r3, r3, #31
1000215e:	18c9      	adds	r1, r1, r3
10002160:	bd30      	pop	{r4, r5, pc}
10002162:	43d2      	mvns	r2, r2
10002164:	0d52      	lsrs	r2, r2, #21
10002166:	2000      	movs	r0, #0
10002168:	2100      	movs	r1, #0
1000216a:	e7f5      	b.n	10002158 <uf2d+0x28>
1000216c:	d403      	bmi.n	10002176 <uf2d+0x46>
1000216e:	3a01      	subs	r2, #1
10002170:	1800      	adds	r0, r0, r0
10002172:	4149      	adcs	r1, r1
10002174:	d5fb      	bpl.n	1000216e <uf2d+0x3e>
10002176:	320b      	adds	r2, #11
10002178:	0544      	lsls	r4, r0, #21
1000217a:	0ac0      	lsrs	r0, r0, #11
1000217c:	054d      	lsls	r5, r1, #21
1000217e:	4328      	orrs	r0, r5
10002180:	0ac9      	lsrs	r1, r1, #11
10002182:	0064      	lsls	r4, r4, #1
10002184:	d003      	beq.n	1000218e <uf2d+0x5e>
10002186:	2400      	movs	r4, #0
10002188:	4160      	adcs	r0, r4
1000218a:	4161      	adcs	r1, r4
1000218c:	e7e1      	b.n	10002152 <uf2d+0x22>
1000218e:	d3e0      	bcc.n	10002152 <uf2d+0x22>
10002190:	0844      	lsrs	r4, r0, #1
10002192:	e7f8      	b.n	10002186 <uf2d+0x56>
10002194:	00000432 	.word	0x00000432
10002198:	000007fe 	.word	0x000007fe

1000219c <dunpacks>:
1000219c:	0d0a      	lsrs	r2, r1, #20
1000219e:	0fcc      	lsrs	r4, r1, #31
100021a0:	1e53      	subs	r3, r2, #1
100021a2:	051b      	lsls	r3, r3, #20
100021a4:	1ac9      	subs	r1, r1, r3
100021a6:	0552      	lsls	r2, r2, #21
100021a8:	d303      	bcc.n	100021b2 <l60_1>
100021aa:	43c9      	mvns	r1, r1
100021ac:	4240      	negs	r0, r0
100021ae:	d300      	bcc.n	100021b2 <l60_1>
100021b0:	3101      	adds	r1, #1

100021b2 <l60_1>:
100021b2:	0d52      	lsrs	r2, r2, #21
100021b4:	d003      	beq.n	100021be <l60_2>
100021b6:	1c53      	adds	r3, r2, #1
100021b8:	0adb      	lsrs	r3, r3, #11
100021ba:	d007      	beq.n	100021cc <l60_3>
100021bc:	1b12      	subs	r2, r2, r4

100021be <l60_2>:
100021be:	2000      	movs	r0, #0
100021c0:	0064      	lsls	r4, r4, #1
100021c2:	1c61      	adds	r1, r4, #1
100021c4:	0789      	lsls	r1, r1, #30
100021c6:	1289      	asrs	r1, r1, #10
100021c8:	3a80      	subs	r2, #128	@ 0x80
100021ca:	0312      	lsls	r2, r2, #12

100021cc <l60_3>:
100021cc:	4b01      	ldr	r3, [pc, #4]	@ (100021d4 <l60_3+0x8>)
100021ce:	1ad2      	subs	r2, r2, r3
100021d0:	4770      	bx	lr
100021d2:	0000      	.short	0x0000
100021d4:	000003ff 	.word	0x000003ff

100021d8 <dreduce>:
100021d8:	3202      	adds	r2, #2
100021da:	d425      	bmi.n	10002228 <dreduce+0x50>
100021dc:	2a0c      	cmp	r2, #12
100021de:	da1c      	bge.n	1000221a <dreduce+0x42>
100021e0:	2511      	movs	r5, #17
100021e2:	1aad      	subs	r5, r5, r2
100021e4:	000b      	movs	r3, r1
100021e6:	412b      	asrs	r3, r5
100021e8:	3208      	adds	r2, #8
100021ea:	3507      	adds	r5, #7
100021ec:	0006      	movs	r6, r0
100021ee:	40ee      	lsrs	r6, r5
100021f0:	4090      	lsls	r0, r2
100021f2:	4091      	lsls	r1, r2
100021f4:	4331      	orrs	r1, r6
100021f6:	ccf0      	ldmia	r4, {r4, r5, r6, r7}
100021f8:	4363      	muls	r3, r4
100021fa:	151a      	asrs	r2, r3, #20
100021fc:	2300      	movs	r3, #0
100021fe:	415a      	adcs	r2, r3
10002200:	4355      	muls	r5, r2
10002202:	4356      	muls	r6, r2
10002204:	4357      	muls	r7, r2
10002206:	02bf      	lsls	r7, r7, #10
10002208:	12f4      	asrs	r4, r6, #11
1000220a:	0576      	lsls	r6, r6, #21
1000220c:	1976      	adds	r6, r6, r5
1000220e:	4167      	adcs	r7, r4
10002210:	17ed      	asrs	r5, r5, #31
10002212:	197f      	adds	r7, r7, r5
10002214:	1b80      	subs	r0, r0, r6
10002216:	41b9      	sbcs	r1, r7
10002218:	4770      	bx	lr
1000221a:	220c      	movs	r2, #12
1000221c:	2000      	movs	r0, #0
1000221e:	17c9      	asrs	r1, r1, #31
10002220:	0049      	lsls	r1, r1, #1
10002222:	3101      	adds	r1, #1
10002224:	0509      	lsls	r1, r1, #20
10002226:	e7db      	b.n	100021e0 <dreduce+0x8>
10002228:	0209      	lsls	r1, r1, #8
1000222a:	0e03      	lsrs	r3, r0, #24
1000222c:	4319      	orrs	r1, r3
1000222e:	0200      	lsls	r0, r0, #8
10002230:	4253      	negs	r3, r2
10002232:	3220      	adds	r2, #32
10002234:	d408      	bmi.n	10002248 <dreduce+0x70>
10002236:	000c      	movs	r4, r1
10002238:	4119      	asrs	r1, r3
1000223a:	4094      	lsls	r4, r2
1000223c:	40d8      	lsrs	r0, r3
1000223e:	4320      	orrs	r0, r4
10002240:	2200      	movs	r2, #0
10002242:	4150      	adcs	r0, r2
10002244:	4151      	adcs	r1, r2
10002246:	4770      	bx	lr
10002248:	0008      	movs	r0, r1
1000224a:	17c9      	asrs	r1, r1, #31
1000224c:	3b20      	subs	r3, #32
1000224e:	3220      	adds	r2, #32
10002250:	d5f1      	bpl.n	10002236 <dreduce+0x5e>
10002252:	2000      	movs	r0, #0
10002254:	2100      	movs	r1, #0
10002256:	2200      	movs	r2, #0
10002258:	4770      	bx	lr

1000225a <dsin_shim>:
1000225a:	b5f0      	push	{r4, r5, r6, r7, lr}
1000225c:	f7ff fa1c 	bl	10001698 <push_r8_r11>
10002260:	f000 f806 	bl	10002270 <dsincos_internal>
10002264:	f000 f846 	bl	100022f4 <dsin_finish>
10002268:	f7ff fa1c 	bl	100016a4 <pop_r8_r11>
1000226c:	bdf0      	pop	{r4, r5, r6, r7, pc}
	...

10002270 <dsincos_internal>:
10002270:	b500      	push	{lr}
10002272:	f7ff ff93 	bl	1000219c <dunpacks>
10002276:	a430      	add	r4, pc, #192	@ (adr r4, 10002338 <dreddata0>)
10002278:	f7ff ffae 	bl	100021d8 <dreduce>
1000227c:	2400      	movs	r4, #0
1000227e:	4d2c      	ldr	r5, [pc, #176]	@ (10002330 <l73_1+0x20>)
10002280:	4e2c      	ldr	r6, [pc, #176]	@ (10002334 <l73_1+0x24>)
10002282:	07d2      	lsls	r2, r2, #31
10002284:	d302      	bcc.n	1000228c <dsincos_internal+0x1c>
10002286:	43f6      	mvns	r6, r6
10002288:	426d      	negs	r5, r5
1000228a:	4166      	adcs	r6, r4
1000228c:	0052      	lsls	r2, r2, #1
1000228e:	d204      	bcs.n	1000229a <dsincos_internal+0x2a>
10002290:	46a2      	mov	sl, r4
10002292:	46a3      	mov	fp, r4
10002294:	46a8      	mov	r8, r5
10002296:	46b1      	mov	r9, r6
10002298:	e003      	b.n	100022a2 <dsincos_internal+0x32>
1000229a:	46a0      	mov	r8, r4
1000229c:	46a1      	mov	r9, r4
1000229e:	46aa      	mov	sl, r5
100022a0:	46b3      	mov	fp, r6
100022a2:	a46e      	add	r4, pc, #440	@ (adr r4, 1000245c <dtab_cc>)
100022a4:	46a4      	mov	ip, r4
100022a6:	2701      	movs	r7, #1
100022a8:	261f      	movs	r6, #31
100022aa:	f7ff feae 	bl	1000200a <dcordic_rot_step>
100022ae:	3701      	adds	r7, #1
100022b0:	3e01      	subs	r6, #1
100022b2:	2f21      	cmp	r7, #33	@ 0x21
100022b4:	d1f9      	bne.n	100022aa <dsincos_internal+0x3a>
100022b6:	bd00      	pop	{pc}

100022b8 <dcos_finish>:
100022b8:	4659      	mov	r1, fp
100022ba:	b284      	uxth	r4, r0
100022bc:	b28d      	uxth	r5, r1
100022be:	436c      	muls	r4, r5
100022c0:	1406      	asrs	r6, r0, #16
100022c2:	4375      	muls	r5, r6
100022c4:	140b      	asrs	r3, r1, #16
100022c6:	435e      	muls	r6, r3
100022c8:	b282      	uxth	r2, r0
100022ca:	435a      	muls	r2, r3
100022cc:	18ad      	adds	r5, r5, r2
100022ce:	17ea      	asrs	r2, r5, #31
100022d0:	d700      	bvc.n	100022d4 <l72_1>
100022d2:	43d2      	mvns	r2, r2

100022d4 <l72_1>:
100022d4:	0412      	lsls	r2, r2, #16
100022d6:	18b6      	adds	r6, r6, r2
100022d8:	042a      	lsls	r2, r5, #16
100022da:	0c2b      	lsrs	r3, r5, #16
100022dc:	1912      	adds	r2, r2, r4
100022de:	4173      	adcs	r3, r6
100022e0:	4640      	mov	r0, r8
100022e2:	4649      	mov	r1, r9
100022e4:	009d      	lsls	r5, r3, #2
100022e6:	179b      	asrs	r3, r3, #30
100022e8:	0f92      	lsrs	r2, r2, #30
100022ea:	432a      	orrs	r2, r5
100022ec:	4190      	sbcs	r0, r2
100022ee:	4199      	sbcs	r1, r3
100022f0:	223e      	movs	r2, #62	@ 0x3e
100022f2:	e718      	b.n	10002126 <fix642double_shim>

100022f4 <dsin_finish>:
100022f4:	4649      	mov	r1, r9
100022f6:	b284      	uxth	r4, r0
100022f8:	b28d      	uxth	r5, r1
100022fa:	436c      	muls	r4, r5
100022fc:	1406      	asrs	r6, r0, #16
100022fe:	4375      	muls	r5, r6
10002300:	140b      	asrs	r3, r1, #16
10002302:	435e      	muls	r6, r3
10002304:	b282      	uxth	r2, r0
10002306:	435a      	muls	r2, r3
10002308:	18ad      	adds	r5, r5, r2
1000230a:	17ea      	asrs	r2, r5, #31
1000230c:	d700      	bvc.n	10002310 <l73_1>
1000230e:	43d2      	mvns	r2, r2

10002310 <l73_1>:
10002310:	0412      	lsls	r2, r2, #16
10002312:	18b6      	adds	r6, r6, r2
10002314:	042a      	lsls	r2, r5, #16
10002316:	0c2b      	lsrs	r3, r5, #16
10002318:	1912      	adds	r2, r2, r4
1000231a:	4173      	adcs	r3, r6
1000231c:	4650      	mov	r0, sl
1000231e:	4659      	mov	r1, fp
10002320:	009d      	lsls	r5, r3, #2
10002322:	179b      	asrs	r3, r3, #30
10002324:	0f92      	lsrs	r2, r2, #30
10002326:	432a      	orrs	r2, r5
10002328:	4150      	adcs	r0, r2
1000232a:	4159      	adcs	r1, r3
1000232c:	223e      	movs	r2, #62	@ 0x3e
1000232e:	e6fa      	b.n	10002126 <fix642double_shim>
10002330:	9df04dbb 	.word	0x9df04dbb
10002334:	36f656c5 	.word	0x36f656c5

10002338 <dreddata0>:
10002338:	0000517d 	.word	0x0000517d
1000233c:	0014611a 	.word	0x0014611a
10002340:	000a8885 	.word	0x000a8885
10002344:	001921fb 	.word	0x001921fb

10002348 <datan2_shim>:
10002348:	b5f0      	push	{r4, r5, r6, r7, lr}
1000234a:	f7ff f9a5 	bl	10001698 <push_r8_r11>
1000234e:	4d40      	ldr	r5, [pc, #256]	@ (10002450 <datan2_shim+0x108>)
10002350:	000c      	movs	r4, r1
10002352:	402c      	ands	r4, r5
10002354:	d001      	beq.n	1000235a <datan2_shim+0x12>
10002356:	42ac      	cmp	r4, r5
10002358:	d102      	bne.n	10002360 <datan2_shim+0x18>
1000235a:	0d09      	lsrs	r1, r1, #20
1000235c:	0509      	lsls	r1, r1, #20
1000235e:	2000      	movs	r0, #0
10002360:	001c      	movs	r4, r3
10002362:	402c      	ands	r4, r5
10002364:	d001      	beq.n	1000236a <datan2_shim+0x22>
10002366:	42ac      	cmp	r4, r5
10002368:	d102      	bne.n	10002370 <datan2_shim+0x28>
1000236a:	0d1b      	lsrs	r3, r3, #20
1000236c:	051b      	lsls	r3, r3, #20
1000236e:	2200      	movs	r2, #0
10002370:	2600      	movs	r6, #0
10002372:	02ed      	lsls	r5, r5, #11
10002374:	2b00      	cmp	r3, #0
10002376:	d504      	bpl.n	10002382 <datan2_shim+0x3a>
10002378:	2602      	movs	r6, #2
1000237a:	406b      	eors	r3, r5
1000237c:	4069      	eors	r1, r5
1000237e:	d400      	bmi.n	10002382 <datan2_shim+0x3a>
10002380:	4276      	negs	r6, r6
10002382:	194f      	adds	r7, r1, r5
10002384:	d504      	bpl.n	10002390 <datan2_shim+0x48>
10002386:	4299      	cmp	r1, r3
10002388:	dd0c      	ble.n	100023a4 <datan2_shim+0x5c>
1000238a:	3601      	adds	r6, #1
1000238c:	4069      	eors	r1, r5
1000238e:	e003      	b.n	10002398 <datan2_shim+0x50>
10002390:	42bb      	cmp	r3, r7
10002392:	da07      	bge.n	100023a4 <datan2_shim+0x5c>
10002394:	3e01      	subs	r6, #1
10002396:	406b      	eors	r3, r5
10002398:	0007      	movs	r7, r0
1000239a:	0010      	movs	r0, r2
1000239c:	003a      	movs	r2, r7
1000239e:	000f      	movs	r7, r1
100023a0:	0019      	movs	r1, r3
100023a2:	003b      	movs	r3, r7
100023a4:	b440      	push	{r6}
100023a6:	2a00      	cmp	r2, #0
100023a8:	d10f      	bne.n	100023ca <datan2_shim+0x82>
100023aa:	2b00      	cmp	r3, #0
100023ac:	d00a      	beq.n	100023c4 <datan2_shim+0x7c>
100023ae:	005c      	lsls	r4, r3, #1
100023b0:	1564      	asrs	r4, r4, #21
100023b2:	3401      	adds	r4, #1
100023b4:	d109      	bne.n	100023ca <datan2_shim+0x82>
100023b6:	004c      	lsls	r4, r1, #1
100023b8:	1564      	asrs	r4, r4, #21
100023ba:	3401      	adds	r4, #1
100023bc:	d102      	bne.n	100023c4 <datan2_shim+0x7c>
100023be:	3901      	subs	r1, #1
100023c0:	3b01      	subs	r3, #1
100023c2:	e002      	b.n	100023ca <datan2_shim+0x82>
100023c4:	2000      	movs	r0, #0
100023c6:	2100      	movs	r1, #0
100023c8:	e02e      	b.n	10002428 <datan2_shim+0xe0>
100023ca:	f7ff fd3f 	bl	10001e4c <ddiv_shim>
100023ce:	223e      	movs	r2, #62	@ 0x3e
100023d0:	f7ff fe57 	bl	10002082 <double2fix64_shim>
100023d4:	4682      	mov	sl, r0
100023d6:	468b      	mov	fp, r1
100023d8:	2000      	movs	r0, #0
100023da:	2100      	movs	r1, #0
100023dc:	4680      	mov	r8, r0
100023de:	2201      	movs	r2, #1
100023e0:	0792      	lsls	r2, r2, #30
100023e2:	4691      	mov	r9, r2
100023e4:	a41d      	add	r4, pc, #116	@ (adr r4, 1000245c <dtab_cc>)
100023e6:	46a4      	mov	ip, r4
100023e8:	2701      	movs	r7, #1
100023ea:	261f      	movs	r6, #31
100023ec:	f7ff fe06 	bl	10001ffc <dcordic_vec_step>
100023f0:	3701      	adds	r7, #1
100023f2:	3e01      	subs	r6, #1
100023f4:	2f21      	cmp	r7, #33	@ 0x21
100023f6:	d1f9      	bne.n	100023ec <datan2_shim+0xa4>
100023f8:	464a      	mov	r2, r9
100023fa:	4653      	mov	r3, sl
100023fc:	3a0c      	subs	r2, #12
100023fe:	2401      	movs	r4, #1
10002400:	0764      	lsls	r4, r4, #29
10002402:	2700      	movs	r7, #0
10002404:	0852      	lsrs	r2, r2, #1
10002406:	001b      	movs	r3, r3
10002408:	d405      	bmi.n	10002416 <datan2_shim+0xce>
1000240a:	4193      	sbcs	r3, r2
1000240c:	1900      	adds	r0, r0, r4
1000240e:	4179      	adcs	r1, r7
10002410:	0864      	lsrs	r4, r4, #1
10002412:	d1f7      	bne.n	10002404 <datan2_shim+0xbc>
10002414:	e004      	b.n	10002420 <datan2_shim+0xd8>
10002416:	4153      	adcs	r3, r2
10002418:	1b00      	subs	r0, r0, r4
1000241a:	41b9      	sbcs	r1, r7
1000241c:	0864      	lsrs	r4, r4, #1
1000241e:	d1f1      	bne.n	10002404 <datan2_shim+0xbc>
10002420:	07ce      	lsls	r6, r1, #31
10002422:	1049      	asrs	r1, r1, #1
10002424:	0840      	lsrs	r0, r0, #1
10002426:	4330      	orrs	r0, r6
10002428:	bc40      	pop	{r6}
1000242a:	2e00      	cmp	r6, #0
1000242c:	d00a      	beq.n	10002444 <datan2_shim+0xfc>
1000242e:	4c09      	ldr	r4, [pc, #36]	@ (10002454 <datan2_shim+0x10c>)
10002430:	4d09      	ldr	r5, [pc, #36]	@ (10002458 <datan2_shim+0x110>)
10002432:	d501      	bpl.n	10002438 <datan2_shim+0xf0>
10002434:	43e4      	mvns	r4, r4
10002436:	43ed      	mvns	r5, r5
10002438:	07f6      	lsls	r6, r6, #31
1000243a:	d101      	bne.n	10002440 <datan2_shim+0xf8>
1000243c:	1900      	adds	r0, r0, r4
1000243e:	4169      	adcs	r1, r5
10002440:	1900      	adds	r0, r0, r4
10002442:	4169      	adcs	r1, r5
10002444:	223d      	movs	r2, #61	@ 0x3d
10002446:	f7ff fe6e 	bl	10002126 <fix642double_shim>
1000244a:	f7ff f92b 	bl	100016a4 <pop_r8_r11>
1000244e:	bdf0      	pop	{r4, r5, r6, r7, pc}
10002450:	7ff00000 	.word	0x7ff00000
10002454:	885a308d 	.word	0x885a308d
10002458:	3243f6a8 	.word	0x3243f6a8

1000245c <dtab_cc>:
1000245c:	61bb4f69 	.word	0x61bb4f69
10002460:	1dac6705 	.word	0x1dac6705
10002464:	96406eb1 	.word	0x96406eb1
10002468:	0fadbafc 	.word	0x0fadbafc
1000246c:	ab0bdb72 	.word	0xab0bdb72
10002470:	07f56ea6 	.word	0x07f56ea6
10002474:	e59fbd39 	.word	0xe59fbd39
10002478:	03feab76 	.word	0x03feab76
1000247c:	ba97624b 	.word	0xba97624b
10002480:	01ffd55b 	.word	0x01ffd55b
10002484:	dddb94d6 	.word	0xdddb94d6
10002488:	00fffaaa 	.word	0x00fffaaa
1000248c:	56eeea5d 	.word	0x56eeea5d
10002490:	007fff55 	.word	0x007fff55
10002494:	aab7776e 	.word	0xaab7776e
10002498:	003fffea 	.word	0x003fffea
1000249c:	5555bbbc 	.word	0x5555bbbc
100024a0:	001ffffd 	.word	0x001ffffd
100024a4:	aaaaadde 	.word	0xaaaaadde
100024a8:	000fffff 	.word	0x000fffff
100024ac:	f555556f 	.word	0xf555556f
100024b0:	0007ffff 	.word	0x0007ffff
100024b4:	feaaaaab 	.word	0xfeaaaaab
100024b8:	0003ffff 	.word	0x0003ffff
100024bc:	ffd55555 	.word	0xffd55555
100024c0:	0001ffff 	.word	0x0001ffff
100024c4:	fffaaaab 	.word	0xfffaaaab
100024c8:	0000ffff 	.word	0x0000ffff
100024cc:	ffff5555 	.word	0xffff5555
100024d0:	00007fff 	.word	0x00007fff
100024d4:	ffffeaab 	.word	0xffffeaab
100024d8:	00003fff 	.word	0x00003fff
100024dc:	fffffd55 	.word	0xfffffd55
100024e0:	00001fff 	.word	0x00001fff
100024e4:	ffffffab 	.word	0xffffffab
100024e8:	00000fff 	.word	0x00000fff
100024ec:	fffffff5 	.word	0xfffffff5
100024f0:	000007ff 	.word	0x000007ff
100024f4:	ffffffff 	.word	0xffffffff
100024f8:	000003ff 	.word	0x000003ff
100024fc:	00000000 	.word	0x00000000
10002500:	00000200 	.word	0x00000200
10002504:	00000000 	.word	0x00000000
10002508:	00000100 	.word	0x00000100
1000250c:	00000000 	.word	0x00000000
10002510:	00000080 	.word	0x00000080
10002514:	00000000 	.word	0x00000000
10002518:	00000040 	.word	0x00000040
1000251c:	00000000 	.word	0x00000000
10002520:	00000020 	.word	0x00000020
10002524:	00000000 	.word	0x00000000
10002528:	00000010 	.word	0x00000010
1000252c:	00000000 	.word	0x00000000
10002530:	00000008 	.word	0x00000008
10002534:	00000000 	.word	0x00000000
10002538:	00000004 	.word	0x00000004
1000253c:	00000000 	.word	0x00000000
10002540:	00000002 	.word	0x00000002
10002544:	00000000 	.word	0x00000000
10002548:	00000001 	.word	0x00000001
1000254c:	80000000 	.word	0x80000000
10002550:	00000000 	.word	0x00000000
10002554:	40000000 	.word	0x40000000
10002558:	00000000 	.word	0x00000000

1000255c <__wrap___aeabi_lmul>:
1000255c:	4351      	muls	r1, r2
1000255e:	4343      	muls	r3, r0
10002560:	18c9      	adds	r1, r1, r3
10002562:	468c      	mov	ip, r1
10002564:	0c11      	lsrs	r1, r2, #16
10002566:	b283      	uxth	r3, r0
10002568:	434b      	muls	r3, r1
1000256a:	b410      	push	{r4}
1000256c:	0c04      	lsrs	r4, r0, #16
1000256e:	4361      	muls	r1, r4
10002570:	b292      	uxth	r2, r2
10002572:	b280      	uxth	r0, r0
10002574:	4350      	muls	r0, r2
10002576:	4362      	muls	r2, r4
10002578:	041c      	lsls	r4, r3, #16
1000257a:	0c1b      	lsrs	r3, r3, #16
1000257c:	1900      	adds	r0, r0, r4
1000257e:	bc10      	pop	{r4}
10002580:	4159      	adcs	r1, r3
10002582:	0413      	lsls	r3, r2, #16
10002584:	0c12      	lsrs	r2, r2, #16
10002586:	18c0      	adds	r0, r0, r3
10002588:	4151      	adcs	r1, r2
1000258a:	4461      	add	r1, ip
1000258c:	4770      	bx	lr
	...

10002590 <__wrap___aeabi_i2f>:
10002590:	0fc1      	lsrs	r1, r0, #31
10002592:	07c9      	lsls	r1, r1, #31
10002594:	d500      	bpl.n	10002598 <__wrap___aeabi_i2f+0x8>
10002596:	4240      	negs	r0, r0
10002598:	2800      	cmp	r0, #0
1000259a:	d017      	beq.n	100025cc <__aeabi_i2f_main+0x30>

1000259c <__aeabi_i2f_main>:
1000259c:	46f4      	mov	ip, lr
1000259e:	b403      	push	{r0, r1}
100025a0:	4b0b      	ldr	r3, [pc, #44]	@ (100025d0 <__aeabi_i2f_main+0x34>)
100025a2:	681b      	ldr	r3, [r3, #0]
100025a4:	4798      	blx	r3
100025a6:	bc06      	pop	{r1, r2}
100025a8:	4081      	lsls	r1, r0
100025aa:	389e      	subs	r0, #158	@ 0x9e
100025ac:	4240      	negs	r0, r0
100025ae:	3180      	adds	r1, #128	@ 0x80
100025b0:	d207      	bcs.n	100025c2 <__aeabi_i2f_main+0x26>
100025b2:	060b      	lsls	r3, r1, #24
100025b4:	d007      	beq.n	100025c6 <__aeabi_i2f_main+0x2a>
100025b6:	0049      	lsls	r1, r1, #1
100025b8:	0a49      	lsrs	r1, r1, #9
100025ba:	05c0      	lsls	r0, r0, #23
100025bc:	4310      	orrs	r0, r2
100025be:	4308      	orrs	r0, r1
100025c0:	4760      	bx	ip
100025c2:	3001      	adds	r0, #1
100025c4:	e7f8      	b.n	100025b8 <__aeabi_i2f_main+0x1c>
100025c6:	0a49      	lsrs	r1, r1, #9
100025c8:	0289      	lsls	r1, r1, #10
100025ca:	e7f5      	b.n	100025b8 <__aeabi_i2f_main+0x1c>
100025cc:	4770      	bx	lr
100025ce:	0000      	.short	0x0000
100025d0:	200006c4 	.word	0x200006c4

100025d4 <__wrap___aeabi_f2d>:
100025d4:	4b03      	ldr	r3, [pc, #12]	@ (100025e4 <__wrap___aeabi_f2d+0x10>)
100025d6:	6fdb      	ldr	r3, [r3, #124]	@ 0x7c
100025d8:	46fc      	mov	ip, pc
100025da:	4718      	bx	r3
100025dc:	267ddf7c 	.word	0x267ddf7c
100025e0:	00001000 	.word	0x00001000
100025e4:	20000570 	.word	0x20000570

100025e8 <__aeabi_float_init>:
100025e8:	2313      	movs	r3, #19
100025ea:	b510      	push	{r4, lr}
100025ec:	781c      	ldrb	r4, [r3, #0]
100025ee:	4813      	ldr	r0, [pc, #76]	@ (1000263c <__aeabi_float_init+0x54>)
100025f0:	f7fe feb0 	bl	10001354 <rom_data_lookup>
100025f4:	2c01      	cmp	r4, #1
100025f6:	d00b      	beq.n	10002610 <__aeabi_float_init+0x28>
100025f8:	dd04      	ble.n	10002604 <__aeabi_float_init+0x1c>
100025fa:	0001      	movs	r1, r0
100025fc:	2280      	movs	r2, #128	@ 0x80
100025fe:	4810      	ldr	r0, [pc, #64]	@ (10002640 <__aeabi_float_init+0x58>)
10002600:	f000 f85c 	bl	100026bc <__wrap___aeabi_memcpy>
10002604:	480f      	ldr	r0, [pc, #60]	@ (10002644 <__aeabi_float_init+0x5c>)
10002606:	f7fe fe9d 	bl	10001344 <rom_func_lookup>
1000260a:	4b0f      	ldr	r3, [pc, #60]	@ (10002648 <__aeabi_float_init+0x60>)
1000260c:	6018      	str	r0, [r3, #0]
1000260e:	bd10      	pop	{r4, pc}
10002610:	4c0b      	ldr	r4, [pc, #44]	@ (10002640 <__aeabi_float_init+0x58>)
10002612:	0001      	movs	r1, r0
10002614:	2254      	movs	r2, #84	@ 0x54
10002616:	0020      	movs	r0, r4
10002618:	f000 f850 	bl	100026bc <__wrap___aeabi_memcpy>
1000261c:	4b0b      	ldr	r3, [pc, #44]	@ (1000264c <__aeabi_float_init+0x64>)
1000261e:	6563      	str	r3, [r4, #84]	@ 0x54
10002620:	65a3      	str	r3, [r4, #88]	@ 0x58
10002622:	65e3      	str	r3, [r4, #92]	@ 0x5c
10002624:	6623      	str	r3, [r4, #96]	@ 0x60
10002626:	6663      	str	r3, [r4, #100]	@ 0x64
10002628:	66a3      	str	r3, [r4, #104]	@ 0x68
1000262a:	66e3      	str	r3, [r4, #108]	@ 0x6c
1000262c:	6723      	str	r3, [r4, #112]	@ 0x70
1000262e:	6763      	str	r3, [r4, #116]	@ 0x74
10002630:	67a3      	str	r3, [r4, #120]	@ 0x78
10002632:	67e3      	str	r3, [r4, #124]	@ 0x7c
10002634:	6223      	str	r3, [r4, #32]
10002636:	61e3      	str	r3, [r4, #28]
10002638:	e7e4      	b.n	10002604 <__aeabi_float_init+0x1c>
1000263a:	46c0      	nop			@ (mov r8, r8)
1000263c:	00004653 	.word	0x00004653
10002640:	20000570 	.word	0x20000570
10002644:	0000334c 	.word	0x0000334c
10002648:	200006c4 	.word	0x200006c4
1000264c:	10002651 	.word	0x10002651

10002650 <float_table_shim_on_use_helper>:
10002650:	b507      	push	{r0, r1, r2, lr}
10002652:	4660      	mov	r0, ip
10002654:	8801      	ldrh	r1, [r0, #0]
10002656:	0a0a      	lsrs	r2, r1, #8
10002658:	3002      	adds	r0, #2
1000265a:	2adf      	cmp	r2, #223	@ 0xdf
1000265c:	d1fa      	bne.n	10002654 <float_table_shim_on_use_helper+0x4>
1000265e:	b2c9      	uxtb	r1, r1
10002660:	0882      	lsrs	r2, r0, #2
10002662:	d304      	bcc.n	1000266e <float_table_shim_on_use_helper+0x1e>
10002664:	8802      	ldrh	r2, [r0, #0]
10002666:	8840      	ldrh	r0, [r0, #2]
10002668:	0400      	lsls	r0, r0, #16
1000266a:	4310      	orrs	r0, r2
1000266c:	e000      	b.n	10002670 <float_table_shim_on_use_helper+0x20>
1000266e:	6800      	ldr	r0, [r0, #0]
10002670:	4a01      	ldr	r2, [pc, #4]	@ (10002678 <float_table_shim_on_use_helper+0x28>)
10002672:	5050      	str	r0, [r2, r1]
10002674:	9003      	str	r0, [sp, #12]
10002676:	bd07      	pop	{r0, r1, r2, pc}
10002678:	20000570 	.word	0x20000570

1000267c <float2double_shim>:
1000267c:	0fc3      	lsrs	r3, r0, #31
1000267e:	07db      	lsls	r3, r3, #31
10002680:	0041      	lsls	r1, r0, #1
10002682:	0e0a      	lsrs	r2, r1, #24
10002684:	d007      	beq.n	10002696 <float2double_shim+0x1a>
10002686:	2aff      	cmp	r2, #255	@ 0xff
10002688:	d008      	beq.n	1000269c <float2double_shim+0x20>
1000268a:	0909      	lsrs	r1, r1, #4
1000268c:	4a05      	ldr	r2, [pc, #20]	@ (100026a4 <float2double_shim+0x28>)
1000268e:	1889      	adds	r1, r1, r2
10002690:	4319      	orrs	r1, r3
10002692:	0740      	lsls	r0, r0, #29
10002694:	4770      	bx	lr
10002696:	0019      	movs	r1, r3
10002698:	2000      	movs	r0, #0
1000269a:	4770      	bx	lr
1000269c:	4902      	ldr	r1, [pc, #8]	@ (100026a8 <float2double_shim+0x2c>)
1000269e:	18c9      	adds	r1, r1, r3
100026a0:	e7fa      	b.n	10002698 <float2double_shim+0x1c>
100026a2:	0000      	.short	0x0000
100026a4:	38000000 	.word	0x38000000
100026a8:	7ff00000 	.word	0x7ff00000

100026ac <__aeabi_mem_init>:
100026ac:	4801      	ldr	r0, [pc, #4]	@ (100026b4 <__aeabi_mem_init+0x8>)
100026ae:	2104      	movs	r1, #4
100026b0:	4b01      	ldr	r3, [pc, #4]	@ (100026b8 <__aeabi_mem_init+0xc>)
100026b2:	4718      	bx	r3
100026b4:	200002c0 	.word	0x200002c0
100026b8:	10001365 	.word	0x10001365

100026bc <__wrap___aeabi_memcpy>:
100026bc:	4b01      	ldr	r3, [pc, #4]	@ (100026c4 <__wrap___aeabi_memcpy+0x8>)
100026be:	685b      	ldr	r3, [r3, #4]
100026c0:	4718      	bx	r3
100026c2:	0000      	.short	0x0000
100026c4:	200002c0 	.word	0x200002c0

100026c8 <_out_char>:
100026c8:	b510      	push	{r4, lr}
100026ca:	2800      	cmp	r0, #0
100026cc:	d100      	bne.n	100026d0 <_out_char+0x8>
100026ce:	bd10      	pop	{r4, pc}
100026d0:	f000 f920 	bl	10002914 <__wrap_putchar>
100026d4:	e7fb      	b.n	100026ce <_out_char+0x6>
100026d6:	46c0      	nop			@ (mov r8, r8)

100026d8 <weak_raw_vprintf>:
100026d8:	b510      	push	{r4, lr}
100026da:	4a09      	ldr	r2, [pc, #36]	@ (10002700 <weak_raw_vprintf+0x28>)
100026dc:	0003      	movs	r3, r0
100026de:	6814      	ldr	r4, [r2, #0]
100026e0:	b084      	sub	sp, #16
100026e2:	2c00      	cmp	r4, #0
100026e4:	d008      	beq.n	100026f8 <weak_raw_vprintf+0x20>
100026e6:	2201      	movs	r2, #1
100026e8:	9100      	str	r1, [sp, #0]
100026ea:	4806      	ldr	r0, [pc, #24]	@ (10002704 <weak_raw_vprintf+0x2c>)
100026ec:	4252      	negs	r2, r2
100026ee:	a903      	add	r1, sp, #12
100026f0:	47a0      	blx	r4
100026f2:	2001      	movs	r0, #1
100026f4:	b004      	add	sp, #16
100026f6:	bd10      	pop	{r4, pc}
100026f8:	f000 f956 	bl	100029a8 <__wrap_puts>
100026fc:	2000      	movs	r0, #0
100026fe:	e7f9      	b.n	100026f4 <weak_raw_vprintf+0x1c>
10002700:	200006ac 	.word	0x200006ac
10002704:	100026c9 	.word	0x100026c9

10002708 <_exit>:
10002708:	be00      	bkpt	0x0000
1000270a:	e7fd      	b.n	10002708 <_exit>

1000270c <_fini>:
1000270c:	4770      	bx	lr
1000270e:	46c0      	nop			@ (mov r8, r8)

10002710 <exit>:
10002710:	b510      	push	{r4, lr}
10002712:	f7ff fff9 	bl	10002708 <_exit>
10002716:	46c0      	nop			@ (mov r8, r8)

10002718 <runtime_init>:
10002718:	b570      	push	{r4, r5, r6, lr}
1000271a:	f7fe fe73 	bl	10001404 <runtime_run_initializers>
1000271e:	4d07      	ldr	r5, [pc, #28]	@ (1000273c <runtime_init+0x24>)
10002720:	4e07      	ldr	r6, [pc, #28]	@ (10002740 <runtime_init+0x28>)
10002722:	42b5      	cmp	r5, r6
10002724:	d209      	bcs.n	1000273a <runtime_init+0x22>
10002726:	2400      	movs	r4, #0
10002728:	3e01      	subs	r6, #1
1000272a:	1b76      	subs	r6, r6, r5
1000272c:	08b6      	lsrs	r6, r6, #2
1000272e:	3601      	adds	r6, #1
10002730:	cd08      	ldmia	r5!, {r3}
10002732:	3401      	adds	r4, #1
10002734:	4798      	blx	r3
10002736:	42b4      	cmp	r4, r6
10002738:	d1fa      	bne.n	10002730 <runtime_init+0x18>
1000273a:	bd70      	pop	{r4, r5, r6, pc}
1000273c:	10002e1c 	.word	0x10002e1c
10002740:	10002e20 	.word	0x10002e20

10002744 <stdio_out_chars_no_crlf>:
10002744:	0003      	movs	r3, r0
10002746:	b510      	push	{r4, lr}
10002748:	0008      	movs	r0, r1
1000274a:	0011      	movs	r1, r2
1000274c:	681b      	ldr	r3, [r3, #0]
1000274e:	4798      	blx	r3
10002750:	bd10      	pop	{r4, pc}
10002752:	46c0      	nop			@ (mov r8, r8)

10002754 <stdio_out_chars_crlf>:
10002754:	b5f8      	push	{r3, r4, r5, r6, r7, lr}
10002756:	7d43      	ldrb	r3, [r0, #21]
10002758:	0007      	movs	r7, r0
1000275a:	000d      	movs	r5, r1
1000275c:	0016      	movs	r6, r2
1000275e:	2b00      	cmp	r3, #0
10002760:	d038      	beq.n	100027d4 <stdio_out_chars_crlf+0x80>
10002762:	2a00      	cmp	r2, #0
10002764:	dd1a      	ble.n	1000279c <stdio_out_chars_crlf+0x48>
10002766:	780b      	ldrb	r3, [r1, #0]
10002768:	2b0a      	cmp	r3, #10
1000276a:	d018      	beq.n	1000279e <stdio_out_chars_crlf+0x4a>
1000276c:	2000      	movs	r0, #0
1000276e:	2e01      	cmp	r6, #1
10002770:	d009      	beq.n	10002786 <stdio_out_chars_crlf+0x32>
10002772:	2401      	movs	r4, #1
10002774:	0021      	movs	r1, r4
10002776:	5c6b      	ldrb	r3, [r5, r1]
10002778:	3401      	adds	r4, #1
1000277a:	2b0a      	cmp	r3, #10
1000277c:	d01a      	beq.n	100027b4 <stdio_out_chars_crlf+0x60>
1000277e:	42b4      	cmp	r4, r6
10002780:	d1f8      	bne.n	10002774 <stdio_out_chars_crlf+0x20>
10002782:	4286      	cmp	r6, r0
10002784:	dd03      	ble.n	1000278e <stdio_out_chars_crlf+0x3a>
10002786:	1a31      	subs	r1, r6, r0
10002788:	683b      	ldr	r3, [r7, #0]
1000278a:	1828      	adds	r0, r5, r0
1000278c:	4798      	blx	r3
1000278e:	19ad      	adds	r5, r5, r6
10002790:	3d01      	subs	r5, #1
10002792:	782b      	ldrb	r3, [r5, #0]
10002794:	3b0d      	subs	r3, #13
10002796:	425a      	negs	r2, r3
10002798:	4153      	adcs	r3, r2
1000279a:	753b      	strb	r3, [r7, #20]
1000279c:	bdf8      	pop	{r3, r4, r5, r6, r7, pc}
1000279e:	7d03      	ldrb	r3, [r0, #20]
100027a0:	2b00      	cmp	r3, #0
100027a2:	d1e3      	bne.n	1000276c <stdio_out_chars_crlf+0x18>
100027a4:	2102      	movs	r1, #2
100027a6:	480e      	ldr	r0, [pc, #56]	@ (100027e0 <stdio_out_chars_crlf+0x8c>)
100027a8:	683b      	ldr	r3, [r7, #0]
100027aa:	4798      	blx	r3
100027ac:	2e01      	cmp	r6, #1
100027ae:	d0ee      	beq.n	1000278e <stdio_out_chars_crlf+0x3a>
100027b0:	2001      	movs	r0, #1
100027b2:	e7de      	b.n	10002772 <stdio_out_chars_crlf+0x1e>
100027b4:	1e6b      	subs	r3, r5, #1
100027b6:	5c5b      	ldrb	r3, [r3, r1]
100027b8:	2b0d      	cmp	r3, #13
100027ba:	d0e0      	beq.n	1000277e <stdio_out_chars_crlf+0x2a>
100027bc:	4288      	cmp	r0, r1
100027be:	da03      	bge.n	100027c8 <stdio_out_chars_crlf+0x74>
100027c0:	1a09      	subs	r1, r1, r0
100027c2:	683b      	ldr	r3, [r7, #0]
100027c4:	1828      	adds	r0, r5, r0
100027c6:	4798      	blx	r3
100027c8:	4805      	ldr	r0, [pc, #20]	@ (100027e0 <stdio_out_chars_crlf+0x8c>)
100027ca:	2102      	movs	r1, #2
100027cc:	683b      	ldr	r3, [r7, #0]
100027ce:	4798      	blx	r3
100027d0:	0020      	movs	r0, r4
100027d2:	e7d4      	b.n	1000277e <stdio_out_chars_crlf+0x2a>
100027d4:	6803      	ldr	r3, [r0, #0]
100027d6:	0011      	movs	r1, r2
100027d8:	0028      	movs	r0, r5
100027da:	4798      	blx	r3
100027dc:	e7de      	b.n	1000279c <stdio_out_chars_crlf+0x48>
100027de:	46c0      	nop			@ (mov r8, r8)
100027e0:	10002f54 	.word	0x10002f54

100027e4 <stdio_put_string>:
100027e4:	b5f0      	push	{r4, r5, r6, r7, lr}
100027e6:	4646      	mov	r6, r8
100027e8:	46d6      	mov	lr, sl
100027ea:	464f      	mov	r7, r9
100027ec:	b5c0      	push	{r6, r7, lr}
100027ee:	b082      	sub	sp, #8
100027f0:	4690      	mov	r8, r2
100027f2:	001c      	movs	r4, r3
100027f4:	0006      	movs	r6, r0
100027f6:	000d      	movs	r5, r1
100027f8:	f7fe fb8a 	bl	10000f10 <time_us_64>
100027fc:	2300      	movs	r3, #0
100027fe:	4a2f      	ldr	r2, [pc, #188]	@ (100028bc <stdio_put_string+0xd8>)
10002800:	1812      	adds	r2, r2, r0
10002802:	414b      	adcs	r3, r1
10002804:	2b00      	cmp	r3, #0
10002806:	da02      	bge.n	1000280e <stdio_put_string+0x2a>
10002808:	2201      	movs	r2, #1
1000280a:	4b2d      	ldr	r3, [pc, #180]	@ (100028c0 <stdio_put_string+0xdc>)
1000280c:	4252      	negs	r2, r2
1000280e:	492d      	ldr	r1, [pc, #180]	@ (100028c4 <stdio_put_string+0xe0>)
10002810:	0008      	movs	r0, r1
10002812:	468a      	mov	sl, r1
10002814:	f000 fadc 	bl	10002dd0 <__mutex_try_enter_block_until_veneer>
10002818:	4681      	mov	r9, r0
1000281a:	1c6b      	adds	r3, r5, #1
1000281c:	d103      	bne.n	10002826 <stdio_put_string+0x42>
1000281e:	0030      	movs	r0, r6
10002820:	f000 fa8c 	bl	10002d3c <strlen>
10002824:	0005      	movs	r5, r0
10002826:	2c00      	cmp	r4, #0
10002828:	d027      	beq.n	1000287a <stdio_put_string+0x96>
1000282a:	4f27      	ldr	r7, [pc, #156]	@ (100028c8 <stdio_put_string+0xe4>)
1000282c:	4b27      	ldr	r3, [pc, #156]	@ (100028cc <stdio_put_string+0xe8>)
1000282e:	681c      	ldr	r4, [r3, #0]
10002830:	2c00      	cmp	r4, #0
10002832:	d018      	beq.n	10002866 <stdio_put_string+0x82>
10002834:	4643      	mov	r3, r8
10002836:	2b00      	cmp	r3, #0
10002838:	d121      	bne.n	1000287e <stdio_put_string+0x9a>
1000283a:	4b25      	ldr	r3, [pc, #148]	@ (100028d0 <stdio_put_string+0xec>)
1000283c:	4698      	mov	r8, r3
1000283e:	e002      	b.n	10002846 <stdio_put_string+0x62>
10002840:	6924      	ldr	r4, [r4, #16]
10002842:	2c00      	cmp	r4, #0
10002844:	d00f      	beq.n	10002866 <stdio_put_string+0x82>
10002846:	6823      	ldr	r3, [r4, #0]
10002848:	2b00      	cmp	r3, #0
1000284a:	d0f9      	beq.n	10002840 <stdio_put_string+0x5c>
1000284c:	4643      	mov	r3, r8
1000284e:	681b      	ldr	r3, [r3, #0]
10002850:	2b00      	cmp	r3, #0
10002852:	d001      	beq.n	10002858 <stdio_put_string+0x74>
10002854:	429c      	cmp	r4, r3
10002856:	d1f3      	bne.n	10002840 <stdio_put_string+0x5c>
10002858:	0020      	movs	r0, r4
1000285a:	002a      	movs	r2, r5
1000285c:	0031      	movs	r1, r6
1000285e:	47b8      	blx	r7
10002860:	6924      	ldr	r4, [r4, #16]
10002862:	2c00      	cmp	r4, #0
10002864:	d1ef      	bne.n	10002846 <stdio_put_string+0x62>
10002866:	464b      	mov	r3, r9
10002868:	2b00      	cmp	r3, #0
1000286a:	d123      	bne.n	100028b4 <stdio_put_string+0xd0>
1000286c:	0028      	movs	r0, r5
1000286e:	b002      	add	sp, #8
10002870:	bce0      	pop	{r5, r6, r7}
10002872:	46ba      	mov	sl, r7
10002874:	46b1      	mov	r9, r6
10002876:	46a8      	mov	r8, r5
10002878:	bdf0      	pop	{r4, r5, r6, r7, pc}
1000287a:	4f16      	ldr	r7, [pc, #88]	@ (100028d4 <stdio_put_string+0xf0>)
1000287c:	e7d6      	b.n	1000282c <stdio_put_string+0x48>
1000287e:	4b14      	ldr	r3, [pc, #80]	@ (100028d0 <stdio_put_string+0xec>)
10002880:	4698      	mov	r8, r3
10002882:	e002      	b.n	1000288a <stdio_put_string+0xa6>
10002884:	6924      	ldr	r4, [r4, #16]
10002886:	2c00      	cmp	r4, #0
10002888:	d0ed      	beq.n	10002866 <stdio_put_string+0x82>
1000288a:	6823      	ldr	r3, [r4, #0]
1000288c:	2b00      	cmp	r3, #0
1000288e:	d0f9      	beq.n	10002884 <stdio_put_string+0xa0>
10002890:	4643      	mov	r3, r8
10002892:	681b      	ldr	r3, [r3, #0]
10002894:	2b00      	cmp	r3, #0
10002896:	d001      	beq.n	1000289c <stdio_put_string+0xb8>
10002898:	42a3      	cmp	r3, r4
1000289a:	d1f3      	bne.n	10002884 <stdio_put_string+0xa0>
1000289c:	002a      	movs	r2, r5
1000289e:	0031      	movs	r1, r6
100028a0:	0020      	movs	r0, r4
100028a2:	47b8      	blx	r7
100028a4:	466b      	mov	r3, sp
100028a6:	220a      	movs	r2, #10
100028a8:	0020      	movs	r0, r4
100028aa:	71da      	strb	r2, [r3, #7]
100028ac:	1dd9      	adds	r1, r3, #7
100028ae:	3a09      	subs	r2, #9
100028b0:	47b8      	blx	r7
100028b2:	e7e7      	b.n	10002884 <stdio_put_string+0xa0>
100028b4:	4650      	mov	r0, sl
100028b6:	f000 fa83 	bl	10002dc0 <__mutex_exit_veneer>
100028ba:	e7d7      	b.n	1000286c <stdio_put_string+0x88>
100028bc:	000f4240 	.word	0x000f4240
100028c0:	7fffffff 	.word	0x7fffffff
100028c4:	200002e8 	.word	0x200002e8
100028c8:	10002755 	.word	0x10002755
100028cc:	200006a4 	.word	0x200006a4
100028d0:	200006a8 	.word	0x200006a8
100028d4:	10002745 	.word	0x10002745

100028d8 <stdio_set_driver_enabled>:
100028d8:	4a0a      	ldr	r2, [pc, #40]	@ (10002904 <stdio_set_driver_enabled+0x2c>)
100028da:	6813      	ldr	r3, [r2, #0]
100028dc:	2b00      	cmp	r3, #0
100028de:	d105      	bne.n	100028ec <stdio_set_driver_enabled+0x14>
100028e0:	e00c      	b.n	100028fc <stdio_set_driver_enabled+0x24>
100028e2:	001a      	movs	r2, r3
100028e4:	691b      	ldr	r3, [r3, #16]
100028e6:	3210      	adds	r2, #16
100028e8:	2b00      	cmp	r3, #0
100028ea:	d007      	beq.n	100028fc <stdio_set_driver_enabled+0x24>
100028ec:	4283      	cmp	r3, r0
100028ee:	d1f8      	bne.n	100028e2 <stdio_set_driver_enabled+0xa>
100028f0:	2900      	cmp	r1, #0
100028f2:	d102      	bne.n	100028fa <stdio_set_driver_enabled+0x22>
100028f4:	6918      	ldr	r0, [r3, #16]
100028f6:	6010      	str	r0, [r2, #0]
100028f8:	6119      	str	r1, [r3, #16]
100028fa:	4770      	bx	lr
100028fc:	2900      	cmp	r1, #0
100028fe:	d0fc      	beq.n	100028fa <stdio_set_driver_enabled+0x22>
10002900:	6010      	str	r0, [r2, #0]
10002902:	e7fa      	b.n	100028fa <stdio_set_driver_enabled+0x22>
10002904:	200006a4 	.word	0x200006a4

10002908 <stdio_init_all>:
10002908:	b510      	push	{r4, lr}
1000290a:	f000 f937 	bl	10002b7c <stdio_uart_init>
1000290e:	2001      	movs	r0, #1
10002910:	bd10      	pop	{r4, pc}
10002912:	46c0      	nop			@ (mov r8, r8)

10002914 <__wrap_putchar>:
10002914:	b5f0      	push	{r4, r5, r6, r7, lr}
10002916:	46ce      	mov	lr, r9
10002918:	4647      	mov	r7, r8
1000291a:	b580      	push	{r7, lr}
1000291c:	b083      	sub	sp, #12
1000291e:	466b      	mov	r3, sp
10002920:	0006      	movs	r6, r0
10002922:	1ddd      	adds	r5, r3, #7
10002924:	7028      	strb	r0, [r5, #0]
10002926:	f7fe faf3 	bl	10000f10 <time_us_64>
1000292a:	2300      	movs	r3, #0
1000292c:	4a19      	ldr	r2, [pc, #100]	@ (10002994 <__wrap_putchar+0x80>)
1000292e:	1812      	adds	r2, r2, r0
10002930:	414b      	adcs	r3, r1
10002932:	2b00      	cmp	r3, #0
10002934:	da02      	bge.n	1000293c <__wrap_putchar+0x28>
10002936:	2201      	movs	r2, #1
10002938:	4b17      	ldr	r3, [pc, #92]	@ (10002998 <__wrap_putchar+0x84>)
1000293a:	4252      	negs	r2, r2
1000293c:	4917      	ldr	r1, [pc, #92]	@ (1000299c <__wrap_putchar+0x88>)
1000293e:	0008      	movs	r0, r1
10002940:	4689      	mov	r9, r1
10002942:	f000 fa45 	bl	10002dd0 <__mutex_try_enter_block_until_veneer>
10002946:	4b16      	ldr	r3, [pc, #88]	@ (100029a0 <__wrap_putchar+0x8c>)
10002948:	4680      	mov	r8, r0
1000294a:	681c      	ldr	r4, [r3, #0]
1000294c:	2c00      	cmp	r4, #0
1000294e:	d014      	beq.n	1000297a <__wrap_putchar+0x66>
10002950:	4f14      	ldr	r7, [pc, #80]	@ (100029a4 <__wrap_putchar+0x90>)
10002952:	e002      	b.n	1000295a <__wrap_putchar+0x46>
10002954:	6924      	ldr	r4, [r4, #16]
10002956:	2c00      	cmp	r4, #0
10002958:	d00f      	beq.n	1000297a <__wrap_putchar+0x66>
1000295a:	6823      	ldr	r3, [r4, #0]
1000295c:	2b00      	cmp	r3, #0
1000295e:	d0f9      	beq.n	10002954 <__wrap_putchar+0x40>
10002960:	683b      	ldr	r3, [r7, #0]
10002962:	2b00      	cmp	r3, #0
10002964:	d001      	beq.n	1000296a <__wrap_putchar+0x56>
10002966:	429c      	cmp	r4, r3
10002968:	d1f4      	bne.n	10002954 <__wrap_putchar+0x40>
1000296a:	0020      	movs	r0, r4
1000296c:	2201      	movs	r2, #1
1000296e:	0029      	movs	r1, r5
10002970:	f7ff fef0 	bl	10002754 <stdio_out_chars_crlf>
10002974:	6924      	ldr	r4, [r4, #16]
10002976:	2c00      	cmp	r4, #0
10002978:	d1ef      	bne.n	1000295a <__wrap_putchar+0x46>
1000297a:	4643      	mov	r3, r8
1000297c:	2b00      	cmp	r3, #0
1000297e:	d105      	bne.n	1000298c <__wrap_putchar+0x78>
10002980:	0030      	movs	r0, r6
10002982:	b003      	add	sp, #12
10002984:	bcc0      	pop	{r6, r7}
10002986:	46b9      	mov	r9, r7
10002988:	46b0      	mov	r8, r6
1000298a:	bdf0      	pop	{r4, r5, r6, r7, pc}
1000298c:	4648      	mov	r0, r9
1000298e:	f000 fa17 	bl	10002dc0 <__mutex_exit_veneer>
10002992:	e7f5      	b.n	10002980 <__wrap_putchar+0x6c>
10002994:	000f4240 	.word	0x000f4240
10002998:	7fffffff 	.word	0x7fffffff
1000299c:	200002e8 	.word	0x200002e8
100029a0:	200006a4 	.word	0x200006a4
100029a4:	200006a8 	.word	0x200006a8

100029a8 <__wrap_puts>:
100029a8:	b570      	push	{r4, r5, r6, lr}
100029aa:	0004      	movs	r4, r0
100029ac:	f000 f9c6 	bl	10002d3c <strlen>
100029b0:	2301      	movs	r3, #1
100029b2:	0001      	movs	r1, r0
100029b4:	0005      	movs	r5, r0
100029b6:	2201      	movs	r2, #1
100029b8:	0020      	movs	r0, r4
100029ba:	f7ff ff13 	bl	100027e4 <stdio_put_string>
100029be:	4b08      	ldr	r3, [pc, #32]	@ (100029e0 <__wrap_puts+0x38>)
100029c0:	681c      	ldr	r4, [r3, #0]
100029c2:	2c00      	cmp	r4, #0
100029c4:	d006      	beq.n	100029d4 <__wrap_puts+0x2c>
100029c6:	6863      	ldr	r3, [r4, #4]
100029c8:	2b00      	cmp	r3, #0
100029ca:	d005      	beq.n	100029d8 <__wrap_puts+0x30>
100029cc:	4798      	blx	r3
100029ce:	6924      	ldr	r4, [r4, #16]
100029d0:	2c00      	cmp	r4, #0
100029d2:	d1f8      	bne.n	100029c6 <__wrap_puts+0x1e>
100029d4:	0028      	movs	r0, r5
100029d6:	bd70      	pop	{r4, r5, r6, pc}
100029d8:	6924      	ldr	r4, [r4, #16]
100029da:	2c00      	cmp	r4, #0
100029dc:	d1f3      	bne.n	100029c6 <__wrap_puts+0x1e>
100029de:	e7f9      	b.n	100029d4 <__wrap_puts+0x2c>
100029e0:	200006a4 	.word	0x200006a4

100029e4 <stdio_uart_out_chars>:
100029e4:	b5f0      	push	{r4, r5, r6, r7, lr}
100029e6:	2900      	cmp	r1, #0
100029e8:	dd15      	ble.n	10002a16 <stdio_uart_out_chars+0x32>
100029ea:	4b0e      	ldr	r3, [pc, #56]	@ (10002a24 <stdio_uart_out_chars+0x40>)
100029ec:	270d      	movs	r7, #13
100029ee:	681a      	ldr	r2, [r3, #0]
100029f0:	4b0d      	ldr	r3, [pc, #52]	@ (10002a28 <stdio_uart_out_chars+0x44>)
100029f2:	4c0e      	ldr	r4, [pc, #56]	@ (10002a2c <stdio_uart_out_chars+0x48>)
100029f4:	18d3      	adds	r3, r2, r3
100029f6:	425d      	negs	r5, r3
100029f8:	416b      	adcs	r3, r5
100029fa:	1845      	adds	r5, r0, r1
100029fc:	2120      	movs	r1, #32
100029fe:	005b      	lsls	r3, r3, #1
10002a00:	5f1e      	ldrsh	r6, [r3, r4]
10002a02:	7804      	ldrb	r4, [r0, #0]
10002a04:	42a6      	cmp	r6, r4
10002a06:	d007      	beq.n	10002a18 <stdio_uart_out_chars+0x34>
10002a08:	6993      	ldr	r3, [r2, #24]
10002a0a:	4219      	tst	r1, r3
10002a0c:	d1fc      	bne.n	10002a08 <stdio_uart_out_chars+0x24>
10002a0e:	3001      	adds	r0, #1
10002a10:	6014      	str	r4, [r2, #0]
10002a12:	42a8      	cmp	r0, r5
10002a14:	d1f5      	bne.n	10002a02 <stdio_uart_out_chars+0x1e>
10002a16:	bdf0      	pop	{r4, r5, r6, r7, pc}
10002a18:	6993      	ldr	r3, [r2, #24]
10002a1a:	4219      	tst	r1, r3
10002a1c:	d1fc      	bne.n	10002a18 <stdio_uart_out_chars+0x34>
10002a1e:	6017      	str	r7, [r2, #0]
10002a20:	e7f2      	b.n	10002a08 <stdio_uart_out_chars+0x24>
10002a22:	46c0      	nop			@ (mov r8, r8)
10002a24:	20000ad0 	.word	0x20000ad0
10002a28:	bffc8000 	.word	0xbffc8000
10002a2c:	20000acc 	.word	0x20000acc

10002a30 <stdio_uart_in_chars>:
10002a30:	4b1f      	ldr	r3, [pc, #124]	@ (10002ab0 <stdio_uart_in_chars+0x80>)
10002a32:	b530      	push	{r4, r5, lr}
10002a34:	681b      	ldr	r3, [r3, #0]
10002a36:	1e0d      	subs	r5, r1, #0
10002a38:	469c      	mov	ip, r3
10002a3a:	dd2a      	ble.n	10002a92 <stdio_uart_in_chars+0x62>
10002a3c:	1e44      	subs	r4, r0, #1
10002a3e:	2110      	movs	r1, #16
10002a40:	2000      	movs	r0, #0
10002a42:	4b1c      	ldr	r3, [pc, #112]	@ (10002ab4 <stdio_uart_in_chars+0x84>)
10002a44:	681a      	ldr	r2, [r3, #0]
10002a46:	6993      	ldr	r3, [r2, #24]
10002a48:	4219      	tst	r1, r3
10002a4a:	d114      	bne.n	10002a76 <stdio_uart_in_chars+0x46>
10002a4c:	3001      	adds	r0, #1
10002a4e:	6993      	ldr	r3, [r2, #24]
10002a50:	4219      	tst	r1, r3
10002a52:	d1fc      	bne.n	10002a4e <stdio_uart_in_chars+0x1e>
10002a54:	6813      	ldr	r3, [r2, #0]
10002a56:	5423      	strb	r3, [r4, r0]
10002a58:	4285      	cmp	r5, r0
10002a5a:	d1f4      	bne.n	10002a46 <stdio_uart_in_chars+0x16>
10002a5c:	4663      	mov	r3, ip
10002a5e:	2b00      	cmp	r3, #0
10002a60:	d007      	beq.n	10002a72 <stdio_uart_in_chars+0x42>
10002a62:	2350      	movs	r3, #80	@ 0x50
10002a64:	6393      	str	r3, [r2, #56]	@ 0x38
10002a66:	6b51      	ldr	r1, [r2, #52]	@ 0x34
10002a68:	3b18      	subs	r3, #24
10002a6a:	400b      	ands	r3, r1
10002a6c:	4912      	ldr	r1, [pc, #72]	@ (10002ab8 <stdio_uart_in_chars+0x88>)
10002a6e:	1852      	adds	r2, r2, r1
10002a70:	6013      	str	r3, [r2, #0]
10002a72:	0028      	movs	r0, r5
10002a74:	bd30      	pop	{r4, r5, pc}
10002a76:	4663      	mov	r3, ip
10002a78:	2b00      	cmp	r3, #0
10002a7a:	d007      	beq.n	10002a8c <stdio_uart_in_chars+0x5c>
10002a7c:	2350      	movs	r3, #80	@ 0x50
10002a7e:	6393      	str	r3, [r2, #56]	@ 0x38
10002a80:	6b51      	ldr	r1, [r2, #52]	@ 0x34
10002a82:	3b18      	subs	r3, #24
10002a84:	400b      	ands	r3, r1
10002a86:	490c      	ldr	r1, [pc, #48]	@ (10002ab8 <stdio_uart_in_chars+0x88>)
10002a88:	1852      	adds	r2, r2, r1
10002a8a:	6013      	str	r3, [r2, #0]
10002a8c:	2800      	cmp	r0, #0
10002a8e:	d1f1      	bne.n	10002a74 <stdio_uart_in_chars+0x44>
10002a90:	e00b      	b.n	10002aaa <stdio_uart_in_chars+0x7a>
10002a92:	2b00      	cmp	r3, #0
10002a94:	d009      	beq.n	10002aaa <stdio_uart_in_chars+0x7a>
10002a96:	2250      	movs	r2, #80	@ 0x50
10002a98:	4b06      	ldr	r3, [pc, #24]	@ (10002ab4 <stdio_uart_in_chars+0x84>)
10002a9a:	681b      	ldr	r3, [r3, #0]
10002a9c:	639a      	str	r2, [r3, #56]	@ 0x38
10002a9e:	6b59      	ldr	r1, [r3, #52]	@ 0x34
10002aa0:	3a18      	subs	r2, #24
10002aa2:	400a      	ands	r2, r1
10002aa4:	4904      	ldr	r1, [pc, #16]	@ (10002ab8 <stdio_uart_in_chars+0x88>)
10002aa6:	185b      	adds	r3, r3, r1
10002aa8:	601a      	str	r2, [r3, #0]
10002aaa:	2003      	movs	r0, #3
10002aac:	4240      	negs	r0, r0
10002aae:	e7e1      	b.n	10002a74 <stdio_uart_in_chars+0x44>
10002ab0:	20000670 	.word	0x20000670
10002ab4:	20000ad0 	.word	0x20000ad0
10002ab8:	00001034 	.word	0x00001034

10002abc <on_uart_rx>:
10002abc:	4b06      	ldr	r3, [pc, #24]	@ (10002ad8 <on_uart_rx+0x1c>)
10002abe:	b510      	push	{r4, lr}
10002ac0:	681b      	ldr	r3, [r3, #0]
10002ac2:	2b00      	cmp	r3, #0
10002ac4:	d006      	beq.n	10002ad4 <on_uart_rx+0x18>
10002ac6:	2100      	movs	r1, #0
10002ac8:	4a04      	ldr	r2, [pc, #16]	@ (10002adc <on_uart_rx+0x20>)
10002aca:	6812      	ldr	r2, [r2, #0]
10002acc:	6391      	str	r1, [r2, #56]	@ 0x38
10002ace:	4a04      	ldr	r2, [pc, #16]	@ (10002ae0 <on_uart_rx+0x24>)
10002ad0:	6810      	ldr	r0, [r2, #0]
10002ad2:	4798      	blx	r3
10002ad4:	bd10      	pop	{r4, pc}
10002ad6:	46c0      	nop			@ (mov r8, r8)
10002ad8:	20000670 	.word	0x20000670
10002adc:	20000ad0 	.word	0x20000ad0
10002ae0:	20000674 	.word	0x20000674

10002ae4 <stdio_uart_out_flush>:
10002ae4:	2208      	movs	r2, #8
10002ae6:	4b03      	ldr	r3, [pc, #12]	@ (10002af4 <stdio_uart_out_flush+0x10>)
10002ae8:	6819      	ldr	r1, [r3, #0]
10002aea:	698b      	ldr	r3, [r1, #24]
10002aec:	421a      	tst	r2, r3
10002aee:	d1fc      	bne.n	10002aea <stdio_uart_out_flush+0x6>
10002af0:	4770      	bx	lr
10002af2:	46c0      	nop			@ (mov r8, r8)
10002af4:	20000ad0 	.word	0x20000ad0

10002af8 <stdio_uart_set_chars_available_callback>:
10002af8:	b570      	push	{r4, r5, r6, lr}
10002afa:	4e1a      	ldr	r6, [pc, #104]	@ (10002b64 <stdio_uart_set_chars_available_callback+0x6c>)
10002afc:	4b1a      	ldr	r3, [pc, #104]	@ (10002b68 <stdio_uart_set_chars_available_callback+0x70>)
10002afe:	6832      	ldr	r2, [r6, #0]
10002b00:	0004      	movs	r4, r0
10002b02:	18d3      	adds	r3, r2, r3
10002b04:	4258      	negs	r0, r3
10002b06:	4143      	adcs	r3, r0
10002b08:	4d18      	ldr	r5, [pc, #96]	@ (10002b6c <stdio_uart_set_chars_available_callback+0x74>)
10002b0a:	3314      	adds	r3, #20
10002b0c:	0018      	movs	r0, r3
10002b0e:	682b      	ldr	r3, [r5, #0]
10002b10:	2c00      	cmp	r4, #0
10002b12:	d002      	beq.n	10002b1a <stdio_uart_set_chars_available_callback+0x22>
10002b14:	2b00      	cmp	r3, #0
10002b16:	d00f      	beq.n	10002b38 <stdio_uart_set_chars_available_callback+0x40>
10002b18:	bd70      	pop	{r4, r5, r6, pc}
10002b1a:	2b00      	cmp	r3, #0
10002b1c:	d0fc      	beq.n	10002b18 <stdio_uart_set_chars_available_callback+0x20>
10002b1e:	0006      	movs	r6, r0
10002b20:	2100      	movs	r1, #0
10002b22:	6394      	str	r4, [r2, #56]	@ 0x38
10002b24:	f7fd fd12 	bl	1000054c <irq_set_enabled>
10002b28:	0030      	movs	r0, r6
10002b2a:	4911      	ldr	r1, [pc, #68]	@ (10002b70 <stdio_uart_set_chars_available_callback+0x78>)
10002b2c:	f7fd fd4a 	bl	100005c4 <irq_remove_handler>
10002b30:	4b10      	ldr	r3, [pc, #64]	@ (10002b74 <stdio_uart_set_chars_available_callback+0x7c>)
10002b32:	602c      	str	r4, [r5, #0]
10002b34:	601c      	str	r4, [r3, #0]
10002b36:	e7ef      	b.n	10002b18 <stdio_uart_set_chars_available_callback+0x20>
10002b38:	602c      	str	r4, [r5, #0]
10002b3a:	0004      	movs	r4, r0
10002b3c:	4b0d      	ldr	r3, [pc, #52]	@ (10002b74 <stdio_uart_set_chars_available_callback+0x7c>)
10002b3e:	6019      	str	r1, [r3, #0]
10002b40:	490b      	ldr	r1, [pc, #44]	@ (10002b70 <stdio_uart_set_chars_available_callback+0x78>)
10002b42:	f7fd fd15 	bl	10000570 <irq_set_exclusive_handler>
10002b46:	2101      	movs	r1, #1
10002b48:	0020      	movs	r0, r4
10002b4a:	f7fd fcff 	bl	1000054c <irq_set_enabled>
10002b4e:	2250      	movs	r2, #80	@ 0x50
10002b50:	6833      	ldr	r3, [r6, #0]
10002b52:	639a      	str	r2, [r3, #56]	@ 0x38
10002b54:	6b59      	ldr	r1, [r3, #52]	@ 0x34
10002b56:	3a18      	subs	r2, #24
10002b58:	400a      	ands	r2, r1
10002b5a:	4907      	ldr	r1, [pc, #28]	@ (10002b78 <stdio_uart_set_chars_available_callback+0x80>)
10002b5c:	185b      	adds	r3, r3, r1
10002b5e:	601a      	str	r2, [r3, #0]
10002b60:	e7da      	b.n	10002b18 <stdio_uart_set_chars_available_callback+0x20>
10002b62:	46c0      	nop			@ (mov r8, r8)
10002b64:	20000ad0 	.word	0x20000ad0
10002b68:	bffc8000 	.word	0xbffc8000
10002b6c:	20000670 	.word	0x20000670
10002b70:	10002abd 	.word	0x10002abd
10002b74:	20000674 	.word	0x20000674
10002b78:	00001034 	.word	0x00001034

10002b7c <stdio_uart_init>:
10002b7c:	4b0d      	ldr	r3, [pc, #52]	@ (10002bb4 <stdio_uart_init+0x38>)
10002b7e:	b510      	push	{r4, lr}
10002b80:	781b      	ldrb	r3, [r3, #0]
10002b82:	4b0d      	ldr	r3, [pc, #52]	@ (10002bb8 <stdio_uart_init+0x3c>)
10002b84:	4c0d      	ldr	r4, [pc, #52]	@ (10002bbc <stdio_uart_init+0x40>)
10002b86:	781b      	ldrb	r3, [r3, #0]
10002b88:	4b0d      	ldr	r3, [pc, #52]	@ (10002bc0 <stdio_uart_init+0x44>)
10002b8a:	2102      	movs	r1, #2
10002b8c:	781b      	ldrb	r3, [r3, #0]
10002b8e:	4b0d      	ldr	r3, [pc, #52]	@ (10002bc4 <stdio_uart_init+0x48>)
10002b90:	2000      	movs	r0, #0
10002b92:	6023      	str	r3, [r4, #0]
10002b94:	f7fd fc26 	bl	100003e4 <gpio_set_function>
10002b98:	2102      	movs	r1, #2
10002b9a:	2001      	movs	r0, #1
10002b9c:	f7fd fc22 	bl	100003e4 <gpio_set_function>
10002ba0:	21e1      	movs	r1, #225	@ 0xe1
10002ba2:	6820      	ldr	r0, [r4, #0]
10002ba4:	0249      	lsls	r1, r1, #9
10002ba6:	f7fe f9f3 	bl	10000f90 <uart_init>
10002baa:	2101      	movs	r1, #1
10002bac:	4806      	ldr	r0, [pc, #24]	@ (10002bc8 <stdio_uart_init+0x4c>)
10002bae:	f7ff fe93 	bl	100028d8 <stdio_set_driver_enabled>
10002bb2:	bd10      	pop	{r4, pc}
10002bb4:	10002fa8 	.word	0x10002fa8
10002bb8:	10002fa4 	.word	0x10002fa4
10002bbc:	20000ad0 	.word	0x20000ad0
10002bc0:	10002fa0 	.word	0x10002fa0
10002bc4:	40034000 	.word	0x40034000
10002bc8:	200002d0 	.word	0x200002d0

10002bcc <boot_double_tap_check>:
10002bcc:	b510      	push	{r4, lr}
10002bce:	4c11      	ldr	r4, [pc, #68]	@ (10002c14 <boot_double_tap_check+0x48>)
10002bd0:	4b11      	ldr	r3, [pc, #68]	@ (10002c18 <boot_double_tap_check+0x4c>)
10002bd2:	6822      	ldr	r2, [r4, #0]
10002bd4:	429a      	cmp	r2, r3
10002bd6:	d10f      	bne.n	10002bf8 <boot_double_tap_check+0x2c>
10002bd8:	4b10      	ldr	r3, [pc, #64]	@ (10002c1c <boot_double_tap_check+0x50>)
10002bda:	6862      	ldr	r2, [r4, #4]
10002bdc:	429a      	cmp	r2, r3
10002bde:	d10b      	bne.n	10002bf8 <boot_double_tap_check+0x2c>
10002be0:	4b0f      	ldr	r3, [pc, #60]	@ (10002c20 <boot_double_tap_check+0x54>)
10002be2:	68a2      	ldr	r2, [r4, #8]
10002be4:	429a      	cmp	r2, r3
10002be6:	d107      	bne.n	10002bf8 <boot_double_tap_check+0x2c>
10002be8:	2001      	movs	r0, #1
10002bea:	2300      	movs	r3, #0
10002bec:	2200      	movs	r2, #0
10002bee:	2100      	movs	r1, #0
10002bf0:	4240      	negs	r0, r0
10002bf2:	6023      	str	r3, [r4, #0]
10002bf4:	f7fe fbd8 	bl	100013a8 <rom_reset_usb_boot_extra>
10002bf8:	4b07      	ldr	r3, [pc, #28]	@ (10002c18 <boot_double_tap_check+0x4c>)
10002bfa:	2100      	movs	r1, #0
10002bfc:	6023      	str	r3, [r4, #0]
10002bfe:	4b07      	ldr	r3, [pc, #28]	@ (10002c1c <boot_double_tap_check+0x50>)
10002c00:	4808      	ldr	r0, [pc, #32]	@ (10002c24 <boot_double_tap_check+0x58>)
10002c02:	6063      	str	r3, [r4, #4]
10002c04:	4b06      	ldr	r3, [pc, #24]	@ (10002c20 <boot_double_tap_check+0x54>)
10002c06:	60a3      	str	r3, [r4, #8]
10002c08:	f7fe f98c 	bl	10000f24 <busy_wait_us>
10002c0c:	2300      	movs	r3, #0
10002c0e:	6023      	str	r3, [r4, #0]
10002c10:	bd10      	pop	{r4, pc}
10002c12:	46c0      	nop			@ (mov r8, r8)
10002c14:	200000c0 	.word	0x200000c0
10002c18:	f01681de 	.word	0xf01681de
10002c1c:	bd729b29 	.word	0xbd729b29
10002c20:	d359be7a 	.word	0xd359be7a
10002c24:	00030d40 	.word	0x00030d40

10002c28 <spi_init>:
10002c28:	b5f0      	push	{r4, r5, r6, r7, lr}
10002c2a:	4645      	mov	r5, r8
10002c2c:	4680      	mov	r8, r0
10002c2e:	4b3c      	ldr	r3, [pc, #240]	@ (10002d20 <spi_init+0xf8>)
10002c30:	464e      	mov	r6, r9
10002c32:	4443      	add	r3, r8
10002c34:	1e5a      	subs	r2, r3, #1
10002c36:	4193      	sbcs	r3, r2
10002c38:	46de      	mov	lr, fp
10002c3a:	4657      	mov	r7, sl
10002c3c:	2280      	movs	r2, #128	@ 0x80
10002c3e:	b5e0      	push	{r5, r6, r7, lr}
10002c40:	425b      	negs	r3, r3
10002c42:	0c1b      	lsrs	r3, r3, #16
10002c44:	0292      	lsls	r2, r2, #10
10002c46:	041b      	lsls	r3, r3, #16
10002c48:	189b      	adds	r3, r3, r2
10002c4a:	4a36      	ldr	r2, [pc, #216]	@ (10002d24 <spi_init+0xfc>)
10002c4c:	b083      	sub	sp, #12
10002c4e:	6013      	str	r3, [r2, #0]
10002c50:	4a35      	ldr	r2, [pc, #212]	@ (10002d28 <spi_init+0x100>)
10002c52:	4689      	mov	r9, r1
10002c54:	4935      	ldr	r1, [pc, #212]	@ (10002d2c <spi_init+0x104>)
10002c56:	6013      	str	r3, [r2, #0]
10002c58:	001d      	movs	r5, r3
10002c5a:	680a      	ldr	r2, [r1, #0]
10002c5c:	4395      	bics	r5, r2
10002c5e:	d1fb      	bne.n	10002c58 <spi_init+0x30>
10002c60:	2006      	movs	r0, #6
10002c62:	f7fe fb09 	bl	10001278 <clock_get_hz>
10002c66:	4643      	mov	r3, r8
10002c68:	685a      	ldr	r2, [r3, #4]
10002c6a:	2302      	movs	r3, #2
10002c6c:	401a      	ands	r2, r3
10002c6e:	9200      	str	r2, [sp, #0]
10002c70:	4a2f      	ldr	r2, [pc, #188]	@ (10002d30 <spi_init+0x108>)
10002c72:	2680      	movs	r6, #128	@ 0x80
10002c74:	4442      	add	r2, r8
10002c76:	6013      	str	r3, [r2, #0]
10002c78:	464b      	mov	r3, r9
10002c7a:	4682      	mov	sl, r0
10002c7c:	0dd9      	lsrs	r1, r3, #23
10002c7e:	0258      	lsls	r0, r3, #9
10002c80:	9201      	str	r2, [sp, #4]
10002c82:	000b      	movs	r3, r1
10002c84:	0002      	movs	r2, r0
10002c86:	2402      	movs	r4, #2
10002c88:	0076      	lsls	r6, r6, #1
10002c8a:	e006      	b.n	10002c9a <spi_init+0x72>
10002c8c:	4592      	cmp	sl, r2
10002c8e:	d306      	bcc.n	10002c9e <spi_init+0x76>
10002c90:	3402      	adds	r4, #2
10002c92:	1812      	adds	r2, r2, r0
10002c94:	414b      	adcs	r3, r1
10002c96:	42b4      	cmp	r4, r6
10002c98:	d001      	beq.n	10002c9e <spi_init+0x76>
10002c9a:	2b00      	cmp	r3, #0
10002c9c:	d0f6      	beq.n	10002c8c <spi_init+0x64>
10002c9e:	2780      	movs	r7, #128	@ 0x80
10002ca0:	0226      	lsls	r6, r4, #8
10002ca2:	1b36      	subs	r6, r6, r4
10002ca4:	007f      	lsls	r7, r7, #1
10002ca6:	e002      	b.n	10002cae <spi_init+0x86>
10002ca8:	1b36      	subs	r6, r6, r4
10002caa:	2f01      	cmp	r7, #1
10002cac:	d036      	beq.n	10002d1c <spi_init+0xf4>
10002cae:	0031      	movs	r1, r6
10002cb0:	4650      	mov	r0, sl
10002cb2:	46bb      	mov	fp, r7
10002cb4:	3f01      	subs	r7, #1
10002cb6:	f7fe fcc9 	bl	1000164c <__wrap___aeabi_uidiv>
10002cba:	4581      	cmp	r9, r0
10002cbc:	d2f4      	bcs.n	10002ca8 <spi_init+0x80>
10002cbe:	4659      	mov	r1, fp
10002cc0:	4361      	muls	r1, r4
10002cc2:	023d      	lsls	r5, r7, #8
10002cc4:	4643      	mov	r3, r8
10002cc6:	611c      	str	r4, [r3, #16]
10002cc8:	681b      	ldr	r3, [r3, #0]
10002cca:	22ff      	movs	r2, #255	@ 0xff
10002ccc:	406b      	eors	r3, r5
10002cce:	2580      	movs	r5, #128	@ 0x80
10002cd0:	0212      	lsls	r2, r2, #8
10002cd2:	016d      	lsls	r5, r5, #5
10002cd4:	4013      	ands	r3, r2
10002cd6:	4445      	add	r5, r8
10002cd8:	4a16      	ldr	r2, [pc, #88]	@ (10002d34 <spi_init+0x10c>)
10002cda:	602b      	str	r3, [r5, #0]
10002cdc:	9b00      	ldr	r3, [sp, #0]
10002cde:	4442      	add	r2, r8
10002ce0:	6013      	str	r3, [r2, #0]
10002ce2:	2002      	movs	r0, #2
10002ce4:	4643      	mov	r3, r8
10002ce6:	9c01      	ldr	r4, [sp, #4]
10002ce8:	685b      	ldr	r3, [r3, #4]
10002cea:	6020      	str	r0, [r4, #0]
10002cec:	4644      	mov	r4, r8
10002cee:	6826      	ldr	r6, [r4, #0]
10002cf0:	2407      	movs	r4, #7
10002cf2:	4066      	eors	r6, r4
10002cf4:	34c8      	adds	r4, #200	@ 0xc8
10002cf6:	4034      	ands	r4, r6
10002cf8:	602c      	str	r4, [r5, #0]
10002cfa:	2403      	movs	r4, #3
10002cfc:	4003      	ands	r3, r0
10002cfe:	6013      	str	r3, [r2, #0]
10002d00:	4b0d      	ldr	r3, [pc, #52]	@ (10002d38 <spi_init+0x110>)
10002d02:	4443      	add	r3, r8
10002d04:	601c      	str	r4, [r3, #0]
10002d06:	6010      	str	r0, [r2, #0]
10002d08:	4650      	mov	r0, sl
10002d0a:	f7fe fc9f 	bl	1000164c <__wrap___aeabi_uidiv>
10002d0e:	b003      	add	sp, #12
10002d10:	bcf0      	pop	{r4, r5, r6, r7}
10002d12:	46bb      	mov	fp, r7
10002d14:	46b2      	mov	sl, r6
10002d16:	46a9      	mov	r9, r5
10002d18:	46a0      	mov	r8, r4
10002d1a:	bdf0      	pop	{r4, r5, r6, r7, pc}
10002d1c:	0021      	movs	r1, r4
10002d1e:	e7d1      	b.n	10002cc4 <spi_init+0x9c>
10002d20:	bffc0000 	.word	0xbffc0000
10002d24:	4000e000 	.word	0x4000e000
10002d28:	4000f000 	.word	0x4000f000
10002d2c:	4000c008 	.word	0x4000c008
10002d30:	00003004 	.word	0x00003004
10002d34:	00002004 	.word	0x00002004
10002d38:	00002024 	.word	0x00002024

10002d3c <strlen>:
10002d3c:	0003      	movs	r3, r0
10002d3e:	4684      	mov	ip, r0
10002d40:	079b      	lsls	r3, r3, #30
10002d42:	d00b      	beq.n	10002d5c <strlen+0x20>
10002d44:	0003      	movs	r3, r0
10002d46:	2103      	movs	r1, #3
10002d48:	e002      	b.n	10002d50 <strlen+0x14>
10002d4a:	3301      	adds	r3, #1
10002d4c:	420b      	tst	r3, r1
10002d4e:	d006      	beq.n	10002d5e <strlen+0x22>
10002d50:	781a      	ldrb	r2, [r3, #0]
10002d52:	2a00      	cmp	r2, #0
10002d54:	d1f9      	bne.n	10002d4a <strlen+0xe>
10002d56:	4662      	mov	r2, ip
10002d58:	1a98      	subs	r0, r3, r2
10002d5a:	4770      	bx	lr
10002d5c:	0003      	movs	r3, r0
10002d5e:	6819      	ldr	r1, [r3, #0]
10002d60:	4a0c      	ldr	r2, [pc, #48]	@ (10002d94 <strlen+0x58>)
10002d62:	480d      	ldr	r0, [pc, #52]	@ (10002d98 <strlen+0x5c>)
10002d64:	188a      	adds	r2, r1, r2
10002d66:	438a      	bics	r2, r1
10002d68:	4202      	tst	r2, r0
10002d6a:	d10f      	bne.n	10002d8c <strlen+0x50>
10002d6c:	6859      	ldr	r1, [r3, #4]
10002d6e:	4a09      	ldr	r2, [pc, #36]	@ (10002d94 <strlen+0x58>)
10002d70:	3304      	adds	r3, #4
10002d72:	188a      	adds	r2, r1, r2
10002d74:	438a      	bics	r2, r1
10002d76:	4202      	tst	r2, r0
10002d78:	d108      	bne.n	10002d8c <strlen+0x50>
10002d7a:	6859      	ldr	r1, [r3, #4]
10002d7c:	4a05      	ldr	r2, [pc, #20]	@ (10002d94 <strlen+0x58>)
10002d7e:	3304      	adds	r3, #4
10002d80:	188a      	adds	r2, r1, r2
10002d82:	438a      	bics	r2, r1
10002d84:	4202      	tst	r2, r0
10002d86:	d0f1      	beq.n	10002d6c <strlen+0x30>
10002d88:	e000      	b.n	10002d8c <strlen+0x50>
10002d8a:	3301      	adds	r3, #1
10002d8c:	781a      	ldrb	r2, [r3, #0]
10002d8e:	2a00      	cmp	r2, #0
10002d90:	d1fb      	bne.n	10002d8a <strlen+0x4e>
10002d92:	e7e0      	b.n	10002d56 <strlen+0x1a>
10002d94:	fefefeff 	.word	0xfefefeff
10002d98:	80808080 	.word	0x80808080
10002d9c:	00000000 	.word	0x00000000

10002da0 <____aeabi_idiv0_veneer>:
10002da0:	b401      	push	{r0}
10002da2:	4802      	ldr	r0, [pc, #8]	@ (10002dac <____aeabi_idiv0_veneer+0xc>)
10002da4:	4684      	mov	ip, r0
10002da6:	bc01      	pop	{r0}
10002da8:	4760      	bx	ip
10002daa:	bf00      	nop
10002dac:	20000225 	.word	0x20000225

10002db0 <__spi_write16_blocking_veneer>:
10002db0:	b401      	push	{r0}
10002db2:	4802      	ldr	r0, [pc, #8]	@ (10002dbc <__spi_write16_blocking_veneer+0xc>)
10002db4:	4684      	mov	ip, r0
10002db6:	bc01      	pop	{r0}
10002db8:	4760      	bx	ip
10002dba:	bf00      	nop
10002dbc:	200001d1 	.word	0x200001d1

10002dc0 <__mutex_exit_veneer>:
10002dc0:	b401      	push	{r0}
10002dc2:	4802      	ldr	r0, [pc, #8]	@ (10002dcc <__mutex_exit_veneer+0xc>)
10002dc4:	4684      	mov	ip, r0
10002dc6:	bc01      	pop	{r0}
10002dc8:	4760      	bx	ip
10002dca:	bf00      	nop
10002dcc:	200001a9 	.word	0x200001a9

10002dd0 <__mutex_try_enter_block_until_veneer>:
10002dd0:	b401      	push	{r0}
10002dd2:	4802      	ldr	r0, [pc, #8]	@ (10002ddc <__mutex_try_enter_block_until_veneer+0xc>)
10002dd4:	4684      	mov	ip, r0
10002dd6:	bc01      	pop	{r0}
10002dd8:	4760      	bx	ip
10002dda:	bf00      	nop
10002ddc:	20000175 	.word	0x20000175

10002de0 <__pre_init_runtime_init_early_resets>:
10002de0:	1000142d                                -...

10002de4 <__pre_init_runtime_init_usb_power_down>:
10002de4:	10001459 1000163d 100026ad 100017d1     Y...=....&......
10002df4:	100025e9                                .%..

10002df8 <__pre_init_runtime_init_clocks>:
10002df8:	10001565                                e...

10002dfc <__pre_init_runtime_init_post_clock_resets>:
10002dfc:	10001475                                u...

10002e00 <__pre_init_runtime_init_rp2040_gpio_ie_disable>:
10002e00:	10001495                                ....

10002e04 <__pre_init_runtime_init_spin_locks_reset>:
10002e04:	100014a9                                ....

10002e08 <__pre_init_runtime_init_mutex>:
10002e08:	10000845                                E...

10002e0c <__pre_init_runtime_init_install_ram_vector_table>:
10002e0c:	100014b1                                ....

10002e10 <__pre_init_runtime_init_default_alarm_pool>:
10002e10:	10000bb9                                ....

10002e14 <__pre_init_first_per_core_initializer>:
10002e14:	100013f5                                ....

10002e18 <__pre_init_runtime_init_per_core_irq_priorities>:
10002e18:	10000505                                ....

10002e1c <__init_array_start>:
10002e1c:	10002bcd 	.word	0x10002bcd

Disassembly of section .data:

200000d0 <mutex_try_enter>:
200000d0:	0003      	movs	r3, r0
200000d2:	6800      	ldr	r0, [r0, #0]
200000d4:	f3ef 8c10 	mrs	ip, PRIMASK
200000d8:	b672      	cpsid	i
200000da:	6802      	ldr	r2, [r0, #0]
200000dc:	2a00      	cmp	r2, #0
200000de:	d0fc      	beq.n	200000da <mutex_try_enter+0xa>
200000e0:	f3bf 8f5f 	dmb	sy
200000e4:	2204      	movs	r2, #4
200000e6:	569a      	ldrsb	r2, [r3, r2]
200000e8:	2a00      	cmp	r2, #0
200000ea:	db0b      	blt.n	20000104 <mutex_try_enter+0x34>
200000ec:	2900      	cmp	r1, #0
200000ee:	d000      	beq.n	200000f2 <mutex_try_enter+0x22>
200000f0:	600a      	str	r2, [r1, #0]
200000f2:	2000      	movs	r0, #0
200000f4:	681b      	ldr	r3, [r3, #0]
200000f6:	f3bf 8f5f 	dmb	sy
200000fa:	2200      	movs	r2, #0
200000fc:	601a      	str	r2, [r3, #0]
200000fe:	f38c 8810 	msr	PRIMASK, ip
20000102:	4770      	bx	lr
20000104:	22d0      	movs	r2, #208	@ 0xd0
20000106:	0612      	lsls	r2, r2, #24
20000108:	6812      	ldr	r2, [r2, #0]
2000010a:	2001      	movs	r0, #1
2000010c:	711a      	strb	r2, [r3, #4]
2000010e:	e7f1      	b.n	200000f4 <mutex_try_enter+0x24>

20000110 <mutex_enter_block_until>:
20000110:	b5f0      	push	{r4, r5, r6, r7, lr}
20000112:	001f      	movs	r7, r3
20000114:	23d0      	movs	r3, #208	@ 0xd0
20000116:	46c6      	mov	lr, r8
20000118:	061b      	lsls	r3, r3, #24
2000011a:	681b      	ldr	r3, [r3, #0]
2000011c:	0004      	movs	r4, r0
2000011e:	0016      	movs	r6, r2
20000120:	4698      	mov	r8, r3
20000122:	2500      	movs	r5, #0
20000124:	b500      	push	{lr}
20000126:	e00a      	b.n	2000013e <mutex_enter_block_until+0x2e>
20000128:	f3bf 8f5f 	dmb	sy
2000012c:	6015      	str	r5, [r2, #0]
2000012e:	f381 8810 	msr	PRIMASK, r1
20000132:	0030      	movs	r0, r6
20000134:	0039      	movs	r1, r7
20000136:	f000 f877 	bl	20000228 <__best_effort_wfe_or_timeout_veneer>
2000013a:	2800      	cmp	r0, #0
2000013c:	d118      	bne.n	20000170 <mutex_enter_block_until+0x60>
2000013e:	6822      	ldr	r2, [r4, #0]
20000140:	f3ef 8110 	mrs	r1, PRIMASK
20000144:	b672      	cpsid	i
20000146:	6813      	ldr	r3, [r2, #0]
20000148:	2b00      	cmp	r3, #0
2000014a:	d0fc      	beq.n	20000146 <mutex_enter_block_until+0x36>
2000014c:	f3bf 8f5f 	dmb	sy
20000150:	7923      	ldrb	r3, [r4, #4]
20000152:	6822      	ldr	r2, [r4, #0]
20000154:	2b7f      	cmp	r3, #127	@ 0x7f
20000156:	d9e7      	bls.n	20000128 <mutex_enter_block_until+0x18>
20000158:	4643      	mov	r3, r8
2000015a:	7123      	strb	r3, [r4, #4]
2000015c:	f3bf 8f5f 	dmb	sy
20000160:	2300      	movs	r3, #0
20000162:	6013      	str	r3, [r2, #0]
20000164:	f381 8810 	msr	PRIMASK, r1
20000168:	2001      	movs	r0, #1
2000016a:	bc80      	pop	{r7}
2000016c:	46b8      	mov	r8, r7
2000016e:	bdf0      	pop	{r4, r5, r6, r7, pc}
20000170:	2000      	movs	r0, #0
20000172:	e7fa      	b.n	2000016a <mutex_enter_block_until+0x5a>

20000174 <mutex_try_enter_block_until>:
20000174:	b570      	push	{r4, r5, r6, lr}
20000176:	b082      	sub	sp, #8
20000178:	a901      	add	r1, sp, #4
2000017a:	0006      	movs	r6, r0
2000017c:	0014      	movs	r4, r2
2000017e:	001d      	movs	r5, r3
20000180:	f7ff ffa6 	bl	200000d0 <mutex_try_enter>
20000184:	2800      	cmp	r0, #0
20000186:	d107      	bne.n	20000198 <mutex_try_enter_block_until+0x24>
20000188:	22d0      	movs	r2, #208	@ 0xd0
2000018a:	0612      	lsls	r2, r2, #24
2000018c:	9b01      	ldr	r3, [sp, #4]
2000018e:	7812      	ldrb	r2, [r2, #0]
20000190:	b25b      	sxtb	r3, r3
20000192:	b252      	sxtb	r2, r2
20000194:	4293      	cmp	r3, r2
20000196:	d101      	bne.n	2000019c <mutex_try_enter_block_until+0x28>
20000198:	b002      	add	sp, #8
2000019a:	bd70      	pop	{r4, r5, r6, pc}
2000019c:	0022      	movs	r2, r4
2000019e:	002b      	movs	r3, r5
200001a0:	0030      	movs	r0, r6
200001a2:	f7ff ffb5 	bl	20000110 <mutex_enter_block_until>
200001a6:	e7f7      	b.n	20000198 <mutex_try_enter_block_until+0x24>

200001a8 <mutex_exit>:
200001a8:	6802      	ldr	r2, [r0, #0]
200001aa:	f3ef 8110 	mrs	r1, PRIMASK
200001ae:	b672      	cpsid	i
200001b0:	6813      	ldr	r3, [r2, #0]
200001b2:	2b00      	cmp	r3, #0
200001b4:	d0fc      	beq.n	200001b0 <mutex_exit+0x8>
200001b6:	f3bf 8f5f 	dmb	sy
200001ba:	23ff      	movs	r3, #255	@ 0xff
200001bc:	7103      	strb	r3, [r0, #4]
200001be:	6803      	ldr	r3, [r0, #0]
200001c0:	f3bf 8f5f 	dmb	sy
200001c4:	2200      	movs	r2, #0
200001c6:	601a      	str	r2, [r3, #0]
200001c8:	f381 8810 	msr	PRIMASK, r1
200001cc:	bf40      	sev
200001ce:	4770      	bx	lr

200001d0 <spi_write16_blocking>:
200001d0:	4694      	mov	ip, r2
200001d2:	0013      	movs	r3, r2
200001d4:	b510      	push	{r4, lr}
200001d6:	2a00      	cmp	r2, #0
200001d8:	d00b      	beq.n	200001f2 <spi_write16_blocking+0x22>
200001da:	005c      	lsls	r4, r3, #1
200001dc:	000a      	movs	r2, r1
200001de:	190c      	adds	r4, r1, r4
200001e0:	2102      	movs	r1, #2
200001e2:	68c3      	ldr	r3, [r0, #12]
200001e4:	4219      	tst	r1, r3
200001e6:	d0fc      	beq.n	200001e2 <spi_write16_blocking+0x12>
200001e8:	8813      	ldrh	r3, [r2, #0]
200001ea:	3202      	adds	r2, #2
200001ec:	6083      	str	r3, [r0, #8]
200001ee:	4294      	cmp	r4, r2
200001f0:	d1f7      	bne.n	200001e2 <spi_write16_blocking+0x12>
200001f2:	68c3      	ldr	r3, [r0, #12]
200001f4:	075b      	lsls	r3, r3, #29
200001f6:	d504      	bpl.n	20000202 <spi_write16_blocking+0x32>
200001f8:	2204      	movs	r2, #4
200001fa:	6883      	ldr	r3, [r0, #8]
200001fc:	68c3      	ldr	r3, [r0, #12]
200001fe:	421a      	tst	r2, r3
20000200:	d1fb      	bne.n	200001fa <spi_write16_blocking+0x2a>
20000202:	2110      	movs	r1, #16
20000204:	68c3      	ldr	r3, [r0, #12]
20000206:	4219      	tst	r1, r3
20000208:	d1fc      	bne.n	20000204 <spi_write16_blocking+0x34>
2000020a:	68c3      	ldr	r3, [r0, #12]
2000020c:	075b      	lsls	r3, r3, #29
2000020e:	d504      	bpl.n	2000021a <spi_write16_blocking+0x4a>
20000210:	2204      	movs	r2, #4
20000212:	6883      	ldr	r3, [r0, #8]
20000214:	68c3      	ldr	r3, [r0, #12]
20000216:	421a      	tst	r2, r3
20000218:	d1fb      	bne.n	20000212 <spi_write16_blocking+0x42>
2000021a:	2301      	movs	r3, #1
2000021c:	6203      	str	r3, [r0, #32]
2000021e:	4660      	mov	r0, ip
20000220:	bd10      	pop	{r4, pc}
20000222:	46c0      	nop			@ (mov r8, r8)

20000224 <__aeabi_idiv0>:
20000224:	4770      	bx	lr
20000226:	46c0      	nop			@ (mov r8, r8)

20000228 <__best_effort_wfe_or_timeout_veneer>:
20000228:	b401      	push	{r0}
2000022a:	4802      	ldr	r0, [pc, #8]	@ (20000234 <__best_effort_wfe_or_timeout_veneer+0xc>)
2000022c:	4684      	mov	ip, r0
2000022e:	bc01      	pop	{r0}
20000230:	4760      	bx	ip
20000232:	bf00      	nop
20000234:	10000dc1 	.word	0x10000dc1

20000238 <phase_incr_main>:
20000238:	04189374                                t...

2000023c <striped_spin_lock_num>:
2000023c:	00000010                                ....

20000240 <irq_handler_chain_slots>:
20000240:	00000000 	.word	0x00000000
20000244:	00010000 	.word	0x00010000
	...
20000250:	00020000 	.word	0x00020000
	...
2000025c:	00030000 	.word	0x00030000
	...
20000268:	00ff0000 	.word	0x00ff0000
2000026c:	00000000 	.word	0x00000000

20000270 <irq_handler_chain_first_slot>:
20000270:	b501      	push	{r0, lr}
20000272:	6848      	ldr	r0, [r1, #4]
20000274:	3101      	adds	r1, #1
20000276:	468e      	mov	lr, r1
20000278:	4700      	bx	r0

2000027a <irq_handler_chain_remove_tail>:
2000027a:	4670      	mov	r0, lr
2000027c:	3809      	subs	r0, #9
2000027e:	4901      	ldr	r1, [pc, #4]	@ (20000284 <irq_handler_chain_remove_tail+0xa>)
20000280:	4788      	blx	r1
20000282:	bd01      	pop	{r0, pc}
20000284:	10000781 	.word	0x10000781

20000288 <last_added.0>:
20000288:	ffffffff 7fffffff                       ........

20000290 <default_alarm_pool>:
	...
200002a4:	200002f0 00000000 00000000              ... ........

200002b0 <aeabi_bits_funcs>:
200002b0:	00003350 	.word	0x00003350
200002b4:	0000334c 	.word	0x0000334c
200002b8:	00003354 	.word	0x00003354
200002bc:	00003352 	.word	0x00003352

200002c0 <aeabi_bits_funcs_end>:
200002c0:	0000534d 	.word	0x0000534d
200002c4:	0000434d 	.word	0x0000434d
200002c8:	00003453 	.word	0x00003453
200002cc:	00003443 	.word	0x00003443

200002d0 <stdio_uart>:
200002d0:	100029e5 10002ae5 10002a31 10002af9     .)...*..1*...*..
200002e0:	00000000 00000100                       ........

200002e8 <print_mutex>:
	...
